0@ID_REP;1@REGION;2@DEPARTEMENT;3@COMMUNE;4@CAV;5@CONCESSIONS;6@MENAGES;7@QUARTIERS-VILLAGES;8@HOMMES;9@FEMMES;10@POPULATION;11@OBSERVATIONS
11074;SAINT-LOUIS;DAGANA;NGNITH;NDIAYE;29;42;ALWA THIAM;203;181;384;-
3298;SAINT-LOUIS;DAGANA;DIAMA;NDIAYE;15;15;AMOURA;53;68;122;-
823;SAINT-LOUIS;DAGANA;BOKHOL;MBANE;77;104;ARRIWELE;400;448;849;-
3299;SAINT-LOUIS;DAGANA;DIAMA;NDIAYE;32;72;ASSITOYE;196;203;399;-
8603;SAINT-LOUIS;DAGANA;MBANE;MBANE;43;60;BADJINCOBE;199;196;396;-
8604;SAINT-LOUIS;DAGANA;MBANE;MBANE;42;70;BALLANDE;163;177;341;-
3300;SAINT-LOUIS;DAGANA;DIAMA;NDIAYE;66;89;BARI DIAM;365;402;767;-
13109;SAINT-LOUIS;DAGANA;RONKH;NDIAYE;26;27;BASSANG PEULH;103;121;224;-
8605;SAINT-LOUIS;DAGANA;MBANE;MBANE;6;6;BELEL NGUELOBA;15;13;29;-
3301;SAINT-LOUIS;DAGANA;DIAMA;NDIAYE;50;51;BIFFECHE;182;146;328;-
8606;SAINT-LOUIS;DAGANA;MBANE;MBANE;13;13;BISNABE BIKIDIWI;52;38;91;-
8607;SAINT-LOUIS;DAGANA;MBANE;MBANE;8;12;BISNABE BIROM SAKODO;33;39;73;-
8608;SAINT-LOUIS;DAGANA;MBANE;MBANE;17;24;BISNABE BOUTEYNI;74;56;131;-
8609;SAINT-LOUIS;DAGANA;MBANE;MBANE;29;40;BISNABE DIAPOBE;117;125;243;-
8610;SAINT-LOUIS;DAGANA;MBANE;MBANE;23;28;BISNABE PENDA YAYAKE;177;157;335;-
8611;SAINT-LOUIS;DAGANA;MBANE;MBANE;24;42;BISNABE WENDOU SENO;146;167;313;-
3302;SAINT-LOUIS;DAGANA;DIAMA;NDIAYE;11;11;BISSETTE I;57;54;112;-
3303;SAINT-LOUIS;DAGANA;DIAMA;NDIAYE;9;50;BISSETTE II;139;144;284;-
824;SAINT-LOUIS;DAGANA;BOKHOL;MBANE;456;505;BOKHOL;2246;2182;4429;-
8612;SAINT-LOUIS;DAGANA;MBANE;MBANE;5;5;BOULEOULNABE;18;11;30;-
1582;SAINT-LOUIS;DAGANA;COM. GAE;COM. GAE;114;116;BOULEYDI;589;572;1161;-
13110;SAINT-LOUIS;DAGANA;RONKH;NDIAYE;46;54;BOUNTOU BACK;216;224;441;-
2113;SAINT-LOUIS;DAGANA;COM. RICHARD-TOLL;COM. RICHARD-TOLL;416;621;CAMPEMENT CIVIL;2192;1739;3932;-
2114;SAINT-LOUIS;DAGANA;COM. RICHARD-TOLL;COM. RICHARD-TOLL;247;311;CAMPEMENT KEUR SOULEYMANE;1429;1320;2749;-
2115;SAINT-LOUIS;DAGANA;COM. RICHARD-TOLL;COM. RICHARD-TOLL;58;58;CITE DES CADRES;96;80;177;-
2131;SAINT-LOUIS;DAGANA;COM. ROSSO-SENEGAL;COM. ROSSO-SENEGAL;105;147;CITE NIAKH;721;758;1480;-
13111;SAINT-LOUIS;DAGANA;RONKH;NDIAYE;41;52;COLONAT (BALKY);237;230;468;-
11075;SAINT-LOUIS;DAGANA;NGNITH;NDIAYE;7;10;DAROU DIALANG;62;59;122;-
2132;SAINT-LOUIS;DAGANA;COM. ROSSO-SENEGAL;COM. ROSSO-SENEGAL;41;56;DAROU SALAM CROISEMENT;217;209;427;-
3304;SAINT-LOUIS;DAGANA;DIAMA;NDIAYE;165;218;DEBY;951;937;1889;-
3305;SAINT-LOUIS;DAGANA;DIAMA;NDIAYE;47;49;DEMIZINE;184;199;384;-
3306;SAINT-LOUIS;DAGANA;DIAMA;NDIAYE;63;70;DIADIAM  I;266;291;557;-
3307;SAINT-LOUIS;DAGANA;DIAMA;NDIAYE;9;10;DIADIAM II;36;27;64;-
3308;SAINT-LOUIS;DAGANA;DIAMA;NDIAYE;58;63;DIADIAM III;218;232;451;-
3309;SAINT-LOUIS;DAGANA;DIAMA;NDIAYE;52;56;DIADJI FAKHA;162;177;339;-
3310;SAINT-LOUIS;DAGANA;DIAMA;NDIAYE;88;115;DIAGAMBAL I;550;548;1098;-
8613;SAINT-LOUIS;DAGANA;MBANE;MBANE;118;139;DIAGLE;706;674;1380;-
8614;SAINT-LOUIS;DAGANA;MBANE;MBANE;63;81;DIAKHAYE;425;381;806;-
8615;SAINT-LOUIS;DAGANA;MBANE;MBANE;37;91;DIALBENABE BELY NAMARY;242;212;455;-
3311;SAINT-LOUIS;DAGANA;DIAMA;NDIAYE;166;194;DIAMA YALAR;815;756;1572;-
2028;SAINT-LOUIS;DAGANA;COM. NDOMBO SANDJIRY;COM. NDOMBO SANDJIRY;123;137;DIAMAGUENE;700;747;1448;-
2133;SAINT-LOUIS;DAGANA;COM. ROSSO-SENEGAL;COM. ROSSO-SENEGAL;133;158;DIAMAGUENE;617;505;1122;-
2028;SAINT-LOUIS;DAGANA;COM. NDOMBO SANDJIRY;COM. NDOMBO SANDJIRY;123;137;DIAMAGUENE;700;747;1448;-
2133;SAINT-LOUIS;DAGANA;COM. ROSSO-SENEGAL;COM. ROSSO-SENEGAL;133;158;DIAMAGUENE;617;505;1122;-
8616;SAINT-LOUIS;DAGANA;MBANE;MBANE;24;44;DIASSAR NAMBE NDIACK FALL;132;164;296;-
8617;SAINT-LOUIS;DAGANA;MBANE;MBANE;31;38;DIASSARNABE BALANDE;164;162;326;-
11076;SAINT-LOUIS;DAGANA;NGNITH;NDIAYE;8;8;DIASSARNABE DEGUELENE;36;31;68;-
11077;SAINT-LOUIS;DAGANA;NGNITH;NDIAYE;3;3;DIASSARNABE II;15;16;32;-
13112;SAINT-LOUIS;DAGANA;RONKH;NDIAYE;235;242;DIAWAR;1141;1086;2228;-
8618;SAINT-LOUIS;DAGANA;MBANE;MBANE;29;55;DIAWELEDJI;119;129;249;-
11078;SAINT-LOUIS;DAGANA;NGNITH;NDIAYE;101;115;DIOKHOR I;646;587;1233;-
11079;SAINT-LOUIS;DAGANA;NGNITH;NDIAYE;10;14;DIOKHOR II;104;113;217;-
2126;SAINT-LOUIS;DAGANA;COM. ROSS-BETHIO;COM. ROSS-BETHIO;10;31;DIOROSSE;93;91;184;-
3312;SAINT-LOUIS;DAGANA;DIAMA;NDIAYE;40;44;DIOSS PEULH;178;161;339;-
3313;SAINT-LOUIS;DAGANA;DIAMA;NDIAYE;18;18;EL BETHIA I;32;49;82;-
3314;SAINT-LOUIS;DAGANA;DIAMA;NDIAYE;17;17;EL BETHIA II;39;45;85;-
3315;SAINT-LOUIS;DAGANA;DIAMA;NDIAYE;24;24;EL DEBIYAYE MARAYE II;50;59;110;-
3316;SAINT-LOUIS;DAGANA;DIAMA;NDIAYE;23;25;EL DELHAM MARAYE;47;65;112;-
3317;SAINT-LOUIS;DAGANA;DIAMA;NDIAYE;23;27;EL GORYA KOWRY;102;117;219;-
3318;SAINT-LOUIS;DAGANA;DIAMA;NDIAYE;28;29;EL MOHAMED AMAR;79;93;173;-
3319;SAINT-LOUIS;DAGANA;DIAMA;NDIAYE;43;52;EL NGOURANE  I;207;199;407;-
3320;SAINT-LOUIS;DAGANA;DIAMA;NDIAYE;11;12;EL NGOURANE  II;46;45;91;-
2116;SAINT-LOUIS;DAGANA;COM. RICHARD-TOLL;COM. RICHARD-TOLL;421;730;ESCALE;2609;2209;4819;-
8619;SAINT-LOUIS;DAGANA;MBANE;MBANE;51;68;FANEINTE TACQUE;359;311;671;-
8620;SAINT-LOUIS;DAGANA;MBANE;MBANE;13;22;FASS NDIAKHAYE I;63;62;125;-
8621;SAINT-LOUIS;DAGANA;MBANE;MBANE;41;45;FASS NDIAKHAYE II;215;214;430;-
3321;SAINT-LOUIS;DAGANA;DIAMA;NDIAYE;21;51;FOURARATE;149;170;319;-
8622;SAINT-LOUIS;DAGANA;MBANE;MBANE;12;23;GADE NDIACK FALL;43;35;78;-
3322;SAINT-LOUIS;DAGANA;DIAMA;NDIAYE;8;9;GADE TAMAKH;49;52;102;-
8623;SAINT-LOUIS;DAGANA;MBANE;MBANE;38;46;GADE YELOUR;179;201;381;-
2117;SAINT-LOUIS;DAGANA;COM. RICHARD-TOLL;COM. RICHARD-TOLL;409;533;GAE II;2358;2171;4530;-
2118;SAINT-LOUIS;DAGANA;COM. RICHARD-TOLL;COM. RICHARD-TOLL;413;664;GALLO MALICK;2705;2030;4736;-
825;SAINT-LOUIS;DAGANA;BOKHOL;MBANE;42;45;GALLODJINA I;214;219;434;-
826;SAINT-LOUIS;DAGANA;BOKHOL;MBANE;29;31;GALLODJINA II;150;130;281;-
827;SAINT-LOUIS;DAGANA;BOKHOL;MBANE;5;14;GAMBOU THILLE;41;42;83;-
8624;SAINT-LOUIS;DAGANA;MBANE;MBANE;9;11;GANKETTE PEULH YAYAKE;55;50;106;-
11080;SAINT-LOUIS;DAGANA;NGNITH;NDIAYE;9;17;GOGNO FALL (OUOLOF);89;84;173;-
11081;SAINT-LOUIS;DAGANA;NGNITH;NDIAYE;5;8;GOUYE NAR;36;35;72;-
828;SAINT-LOUIS;DAGANA;BOKHOL;MBANE;38;65;GUEUM YALLA;216;205;422;-
829;SAINT-LOUIS;DAGANA;BOKHOL;MBANE;87;89;GUIDAKHAR;355;378;734;-
8625;SAINT-LOUIS;DAGANA;MBANE;MBANE;22;35;KAOUNDIRAL;132;115;248;-
13113;SAINT-LOUIS;DAGANA;RONKH;NDIAYE;180;195;KASSACK NORD;945;868;1813;-
13114;SAINT-LOUIS;DAGANA;RONKH;NDIAYE;141;143;KASSACK SUD;472;387;859;-
11082;SAINT-LOUIS;DAGANA;NGNITH;NDIAYE;55;78;KEUR AL HAMDOU;332;225;557;-
11083;SAINT-LOUIS;DAGANA;NGNITH;NDIAYE;3;11;KEUR BARKA;35;25;61;-
830;SAINT-LOUIS;DAGANA;BOKHOL;MBANE;16;17;KEUR BIRAME KOBOR;90;79;170;-
831;SAINT-LOUIS;DAGANA;BOKHOL;MBANE;9;15;KEUR MALAL TALABE;46;47;93;-
832;SAINT-LOUIS;DAGANA;BOKHOL;MBANE;51;54;KEUR MBAYE;217;197;415;-
833;SAINT-LOUIS;DAGANA;BOKHOL;MBANE;44;45;KEUR MBAYE 2;261;203;464;-
834;SAINT-LOUIS;DAGANA;BOKHOL;MBANE;12;18;KEUR MOR IBRA;79;70;150;-
11084;SAINT-LOUIS;DAGANA;NGNITH;NDIAYE;8;8;KEUR SAMBA DIA;35;41;76;-
11085;SAINT-LOUIS;DAGANA;NGNITH;NDIAYE;23;23;KEUR SAMBA NIAKHOUR;106;109;215;-
11086;SAINT-LOUIS;DAGANA;NGNITH;NDIAYE;14;24;KEUR YOROKO GUEDAL;83;65;148;-
835;SAINT-LOUIS;DAGANA;BOKHOL;MBANE;52;52;KHARE;241;230;471;-
13115;SAINT-LOUIS;DAGANA;RONKH;NDIAYE;27;41;KHEER;107;118;226;-
13116;SAINT-LOUIS;DAGANA;RONKH;NDIAYE;88;94;KHEUNE;478;444;923;-
13117;SAINT-LOUIS;DAGANA;RONKH;NDIAYE;81;84;KHOR;421;378;799;-
2119;SAINT-LOUIS;DAGANA;COM. RICHARD-TOLL;COM. RICHARD-TOLL;1079;1528;KHOUMA WOLOF;6306;5480;11787;-
2120;SAINT-LOUIS;DAGANA;COM. RICHARD-TOLL;COM. RICHARD-TOLL;314;392;KHOUMA YACKH SABAR;1663;1473;3137;-
8626;SAINT-LOUIS;DAGANA;MBANE;MBANE;61;125;KOEL NIASSANTE;257;351;609;-
1583;SAINT-LOUIS;DAGANA;COM. GAE;COM. GAE;32;34;LAGDE;196;223;420;-
8627;SAINT-LOUIS;DAGANA;MBANE;MBANE;54;63;LEWAH (TEMEYE LEWAH);247;257;505;-
3323;SAINT-LOUIS;DAGANA;DIAMA;NDIAYE;51;56;MAKA DIAMA;232;251;484;-
8628;SAINT-LOUIS;DAGANA;MBANE;MBANE;15;16;MALLA (SAINTHIE);50;27;77;-
11087;SAINT-LOUIS;DAGANA;NGNITH;NDIAYE;58;71;MALLE;331;364;695;-
2134;SAINT-LOUIS;DAGANA;COM. ROSSO-SENEGAL;COM. ROSSO-SENEGAL;213;221;MBAGAME;1264;1146;2411;-
8629;SAINT-LOUIS;DAGANA;MBANE;MBANE;137;146;MBANE;894;850;1744;-
11088;SAINT-LOUIS;DAGANA;NGNITH;NDIAYE;81;89;MBAYENE;516;493;1010;-
8630;SAINT-LOUIS;DAGANA;MBANE;MBANE;15;27;MBELOGNE AGABE;77;90;168;-
3324;SAINT-LOUIS;DAGANA;DIAMA;NDIAYE;17;55;MBERAYE;217;182;399;-
3325;SAINT-LOUIS;DAGANA;DIAMA;NDIAYE;27;42;MBEURBEUF;147;135;283;-
836;SAINT-LOUIS;DAGANA;BOKHOL;MBANE;127;127;MBILOR DIERY;624;630;1254;-
3326;SAINT-LOUIS;DAGANA;DIAMA;NDIAYE;82;115;MBODJIENE (DIAGAMBAL);459;441;900;-
3327;SAINT-LOUIS;DAGANA;DIAMA;NDIAYE;86;134;MBOLTOGNE;447;428;875;-
3328;SAINT-LOUIS;DAGANA;DIAMA;NDIAYE;32;47;MBOUBENE PEULH;142;143;285;-
3329;SAINT-LOUIS;DAGANA;DIAMA;NDIAYE;302;369;MBOUNDOUM BARRAGE;1067;1033;2100;-
13118;SAINT-LOUIS;DAGANA;RONKH;NDIAYE;63;66;MBOUNDOUM EST;339;265;605;-
8631;SAINT-LOUIS;DAGANA;MBANE;MBANE;32;38;MEDINA BAIDY;181;188;369;-
837;SAINT-LOUIS;DAGANA;BOKHOL;MBANE;29;34;MEDINA BELELE GAWDI;165;174;339;-
2029;SAINT-LOUIS;DAGANA;COM. NDOMBO SANDJIRY;COM. NDOMBO SANDJIRY;63;77;MEDINA CHEIKHOU;370;283;654;-
2135;SAINT-LOUIS;DAGANA;COM. ROSSO-SENEGAL;COM. ROSSO-SENEGAL;219;329;MEDINE;1256;1055;2312;-
838;SAINT-LOUIS;DAGANA;BOKHOL;MBANE;75;104;MERY;307;362;669;-
13119;SAINT-LOUIS;DAGANA;RONKH;NDIAYE;21;23;NADIEL I;64;71;135;-
13120;SAINT-LOUIS;DAGANA;RONKH;NDIAYE;16;16;NADIEL II;48;38;87;-
13121;SAINT-LOUIS;DAGANA;RONKH;NDIAYE;13;14;NADIEL III;28;34;63;-
11089;SAINT-LOUIS;DAGANA;NGNITH;NDIAYE;27;27;NAERE;156;161;317;-
3330;SAINT-LOUIS;DAGANA;DIAMA;NDIAYE;111;126;NDELLE;738;662;1400;-
11090;SAINT-LOUIS;DAGANA;NGNITH;NDIAYE;33;57;NDER;249;275;525;-
2136;SAINT-LOUIS;DAGANA;COM. ROSSO-SENEGAL;COM. ROSSO-SENEGAL;6;8;NDIAKHOR;25;26;51;-
11091;SAINT-LOUIS;DAGANA;NGNITH;NDIAYE;10;11;NDIAMAR;74;68;143;-
11091;SAINT-LOUIS;DAGANA;NGNITH;NDIAYE;10;11;NDIAMAR;74;68;143;-
2121;SAINT-LOUIS;DAGANA;COM. RICHARD-TOLL;COM. RICHARD-TOLL;222;285;NDIANGUE;1292;1246;2539;-
1584;SAINT-LOUIS;DAGANA;COM. GAE;COM. GAE;80;95;NDIAREME NORD;416;450;866;-
1585;SAINT-LOUIS;DAGANA;COM. GAE;COM. GAE;88;107;NDIAREME SUD;228;210;439;-
2122;SAINT-LOUIS;DAGANA;COM. RICHARD-TOLL;COM. RICHARD-TOLL;554;643;NDIAW;2571;2292;4864;-
3331;SAINT-LOUIS;DAGANA;DIAMA;NDIAYE;176;210;NDIAYE MBERESSE (NDIAYE NGAINTHE);1007;965;1972;-
11092;SAINT-LOUIS;DAGANA;NGNITH;NDIAYE;17;17;NDIEMEULE SECKENE;126;103;229;-
13122;SAINT-LOUIS;DAGANA;RONKH;NDIAYE;268;281;NDIETENE;1240;1177;2418;-
3332;SAINT-LOUIS;DAGANA;DIAMA;NDIAYE;36;41;NDIGUE;121;126;247;-
3333;SAINT-LOUIS;DAGANA;DIAMA;NDIAYE;64;88;NDIOLE MAURE;383;412;795;-
3334;SAINT-LOUIS;DAGANA;DIAMA;NDIAYE;16;37;NDIOLE PEULH;104;82;186;-
2137;SAINT-LOUIS;DAGANA;COM. ROSSO-SENEGAL;COM. ROSSO-SENEGAL;24;35;NDIONDO;100;74;174;-
1586;SAINT-LOUIS;DAGANA;COM. GAE;COM. GAE;113;118;NDIORNA;578;573;1151;-
11093;SAINT-LOUIS;DAGANA;NGNITH;NDIAYE;22;31;NDIORNO;106;118;225;-
3335;SAINT-LOUIS;DAGANA;DIAMA;NDIAYE;78;88;NDIOUNG MBERESSE;395;381;776;-
11094;SAINT-LOUIS;DAGANA;NGNITH;NDIAYE;46;51;NDOGAL;275;270;546;-
2030;SAINT-LOUIS;DAGANA;COM. NDOMBO SANDJIRY;COM. NDOMBO SANDJIRY;219;247;NDOMBO;1286;1169;2456;-
2123;SAINT-LOUIS;DAGANA;COM. RICHARD-TOLL;COM. RICHARD-TOLL;92;97;NDOMBO ALARBA;542;519;1062;-
8632;SAINT-LOUIS;DAGANA;MBANE;MBANE;28;42;NDOUMBOULENE;130;122;252;-
11095;SAINT-LOUIS;DAGANA;NGNITH;NDIAYE;30;52;NDOUROUNABE DIAGANE;211;197;409;-
11096;SAINT-LOUIS;DAGANA;NGNITH;NDIAYE;17;27;NDOUROUNABE DIAGNE II;95;97;193;-
3336;SAINT-LOUIS;DAGANA;DIAMA;NDIAYE;51;61;NGOMENE;350;284;635;-
8633;SAINT-LOUIS;DAGANA;MBANE;MBANE;36;43;NGUELEFOUL;214;178;393;-
11097;SAINT-LOUIS;DAGANA;NGNITH;NDIAYE;253;323;NGUITH;1852;1916;3769;-
8634;SAINT-LOUIS;DAGANA;MBANE;MBANE;32;38;NIASSANTE I;124;137;262;-
8635;SAINT-LOUIS;DAGANA;MBANE;MBANE;76;99;NIASSANTE II;334;412;747;-
11098;SAINT-LOUIS;DAGANA;NGNITH;NDIAYE;76;78;NIASSENE;397;362;759;-
3337;SAINT-LOUIS;DAGANA;DIAMA;NDIAYE;17;21;NIMZATT;52;66;118;-
2124;SAINT-LOUIS;DAGANA;COM. RICHARD-TOLL;COM. RICHARD-TOLL;250;319;NOUROU GADALKHOUT;1598;1323;2921;-
11099;SAINT-LOUIS;DAGANA;NGNITH;NDIAYE;34;42;ODABE DIAGANE;170;167;337;-
11100;SAINT-LOUIS;DAGANA;NGNITH;NDIAYE;17;18;ODABE KAMBOUKI;88;81;169;-
11100;SAINT-LOUIS;DAGANA;NGNITH;NDIAYE;17;18;ODABE KAMBOUKI;88;81;169;-
3338;SAINT-LOUIS;DAGANA;DIAMA;NDIAYE;34;34;ODABE NAVAR  I;143;168;311;-
11101;SAINT-LOUIS;DAGANA;NGNITH;NDIAYE;14;26;OUMARNABE NGUITH;110;107;217;-
2127;SAINT-LOUIS;DAGANA;COM. ROSS-BETHIO;COM. ROSS-BETHIO;10;15;OUROUBE BECAYE;51;52;103;-
8636;SAINT-LOUIS;DAGANA;MBANE;MBANE;6;6;OUROURBE MEDINA I;24;18;43;-
13123;SAINT-LOUIS;DAGANA;RONKH;NDIAYE;60;86;PAKH;365;344;709;-
1587;SAINT-LOUIS;DAGANA;COM. GAE;COM. GAE;120;123;PAL I;496;546;1042;-
1588;SAINT-LOUIS;DAGANA;COM. GAE;COM. GAE;95;98;PAL II;391;379;771;-
8637;SAINT-LOUIS;DAGANA;MBANE;MBANE;5;5;PAMPINABE I;27;10;37;-
8638;SAINT-LOUIS;DAGANA;MBANE;MBANE;11;18;PAMPINABE II;68;65;133;-
3339;SAINT-LOUIS;DAGANA;DIAMA;NDIAYE;65;73;PONT GENDARME;316;307;624;-
2128;SAINT-LOUIS;DAGANA;COM. ROSS-BETHIO;COM. ROSS-BETHIO;51;68;RAYNABE I;197;197;394;-
3340;SAINT-LOUIS;DAGANA;DIAMA;NDIAYE;11;44;RAYNABE II;173;176;350;-
3341;SAINT-LOUIS;DAGANA;DIAMA;NDIAYE;73;78;RONE MARAYE;273;264;537;-
13124;SAINT-LOUIS;DAGANA;RONKH;NDIAYE;429;441;RONKH;2168;2076;4245;-
2129;SAINT-LOUIS;DAGANA;COM. ROSS-BETHIO;COM. ROSS-BETHIO;899;1139;ROSS-BETHIO;5410;4764;10174;-
2130;SAINT-LOUIS;DAGANA;COM. ROSS-BETHIO;COM. ROSS-BETHIO;67;102;ROSS-BETHIO (ODABE NAWAR);384;345;730;-
2138;SAINT-LOUIS;DAGANA;COM. ROSSO-SENEGAL;COM. ROSSO-SENEGAL;50;53;ROSSO PEULH;300;244;545;-
11102;SAINT-LOUIS;DAGANA;NGNITH;NDIAYE;33;49;ROUMBATINE;116;186;303;-
8639;SAINT-LOUIS;DAGANA;MBANE;MBANE;20;27;SAGOBE;107;91;198;-
8640;SAINT-LOUIS;DAGANA;MBANE;MBANE;29;30;SANEINTE TACQUE;158;136;295;-
2139;SAINT-LOUIS;DAGANA;COM. ROSSO-SENEGAL;COM. ROSSO-SENEGAL;183;323;SANTHIABA I;1286;1152;2439;-
2140;SAINT-LOUIS;DAGANA;COM. ROSSO-SENEGAL;COM. ROSSO-SENEGAL;107;160;SANTHIABA II;804;690;1495;-
2141;SAINT-LOUIS;DAGANA;COM. ROSSO-SENEGAL;COM. ROSSO-SENEGAL;176;245;SANTHIABA III;1115;954;2070;-
2142;SAINT-LOUIS;DAGANA;COM. ROSSO-SENEGAL;COM. ROSSO-SENEGAL;110;165;SANTHIABA IV;682;657;1340;-
8641;SAINT-LOUIS;DAGANA;MBANE;MBANE;33;50;SARE LAMOU;203;172;375;-
8642;SAINT-LOUIS;DAGANA;MBANE;MBANE;74;89;SARONABE I;294;299;594;-
3342;SAINT-LOUIS;DAGANA;DIAMA;NDIAYE;16;49;SAVOIGNE PEULH;131;157;289;-
3343;SAINT-LOUIS;DAGANA;DIAMA;NDIAYE;98;121;SAVOIGNE PIONNIERS;430;424;854;-
1464;SAINT-LOUIS;DAGANA;COM. DAGANA;COM. DAGANA;349;458;SECTEUR I;1700;1805;3505;-
1465;SAINT-LOUIS;DAGANA;COM. DAGANA;COM. DAGANA;455;536;SECTEUR II;2243;2200;4443;-
1466;SAINT-LOUIS;DAGANA;COM. DAGANA;COM. DAGANA;690;772;SECTEUR III;3081;2831;5912;-
1467;SAINT-LOUIS;DAGANA;COM. DAGANA;COM. DAGANA;718;799;SECTEUR IV;3275;3007;6283;-
1468;SAINT-LOUIS;DAGANA;COM. DAGANA;COM. DAGANA;183;193;SECTEUR V;832;771;1604;-
8643;SAINT-LOUIS;DAGANA;MBANE;MBANE;16;22;SOBOLNABE  BELY NAMARY;90;87;177;-
839;SAINT-LOUIS;DAGANA;BOKHOL;MBANE;38;48;SOUMANABE LOUMBEL;129;162;291;-
8644;SAINT-LOUIS;DAGANA;MBANE;MBANE;66;72;SOVONABE I;272;269;542;-
840;SAINT-LOUIS;DAGANA;BOKHOL;MBANE;44;76;SOWNABE WENDOU  FONDOU;289;257;547;-
3344;SAINT-LOUIS;DAGANA;DIAMA;NDIAYE;48;49;TABA AHMETOU;170;206;376;-
3345;SAINT-LOUIS;DAGANA;DIAMA;NDIAYE;29;31;TABA DAROU SALAM  I;135;164;299;-
3346;SAINT-LOUIS;DAGANA;DIAMA;NDIAYE;22;23;TABA TACHE;64;82;146;-
3347;SAINT-LOUIS;DAGANA;DIAMA;NDIAYE;67;101;TABA TREICH;323;366;689;-
8645;SAINT-LOUIS;DAGANA;MBANE;MBANE;151;160;TEMEYE;799;698;1498;-
11103;SAINT-LOUIS;DAGANA;NGNITH;NDIAYE;3;3;TEMEYE;5;9;14;-
8646;SAINT-LOUIS;DAGANA;MBANE;MBANE;43;78;TETHIAME MALAL;216;226;443;-
2125;SAINT-LOUIS;DAGANA;COM. RICHARD-TOLL;COM. RICHARD-TOLL;1295;1533;THIABAKH;5742;4876;10618;-
13125;SAINT-LOUIS;DAGANA;RONKH;NDIAYE;196;228;THIAGAR;1031;970;2001;-
8647;SAINT-LOUIS;DAGANA;MBANE;MBANE;139;158;THIAGO;625;575;1201;-
13126;SAINT-LOUIS;DAGANA;RONKH;NDIAYE;50;52;THIENEL DOCKY;148;159;308;-
11104;SAINT-LOUIS;DAGANA;NGNITH;NDIAYE;17;22;THIEUDEME OUOLOF;79;72;152;-
11105;SAINT-LOUIS;DAGANA;NGNITH;NDIAYE;16;41;THIEUDEME PEULH;129;124;253;-
3348;SAINT-LOUIS;DAGANA;DIAMA;NDIAYE;118;126;THILENE;571;586;1157;-
11106;SAINT-LOUIS;DAGANA;NGNITH;NDIAYE;29;45;TIDIEL TOUCOULEUR;222;207;429;-
11107;SAINT-LOUIS;DAGANA;NGNITH;NDIAYE;8;16;TIDJI;76;79;156;-
3349;SAINT-LOUIS;DAGANA;DIAMA;NDIAYE;145;167;TIGUETTE;578;641;1219;-
1589;SAINT-LOUIS;DAGANA;COM. GAE;COM. GAE;103;112;TIVAOUANE;650;643;1294;-
841;SAINT-LOUIS;DAGANA;BOKHOL;MBANE;49;71;TOUCOULEUR DJIDIERY;327;301;628;-
3350;SAINT-LOUIS;DAGANA;DIAMA;NDIAYE;8;8;TREICH PEULH;51;25;76;-
13127;SAINT-LOUIS;DAGANA;RONKH;NDIAYE;93;125;WASSOUL;588;663;1251;-
8648;SAINT-LOUIS;DAGANA;MBANE;MBANE;65;112;WEYNDOU SAMBA;378;371;750;-
8649;SAINT-LOUIS;DAGANA;MBANE;MBANE;51;81;WODABE NIASSANTE (LOUMBI DIANI);219;247;467;-
11108;SAINT-LOUIS;DAGANA;NGNITH;NDIAYE;46;56;YAMAME;319;304;624;-
13128;SAINT-LOUIS;DAGANA;RONKH;NDIAYE;13;13;YETTI YONE (BOUNTOU NDIEUGNE);48;34;83;-
1857;LOUGA;LINGUERE;COM. LINGUERE;COM. LINGUERE;337;422;ABATTOIRS II;1483;1422;2906;-
4394;LOUGA;LINGUERE;DODJI;DODJI;29;44;ABOBE;112;98;211;-
11;LOUGA;LINGUERE;AFFE DJOLOFF;SAGATTA DJOLOF;101;117;AFFE DJOLOF;667;757;1425;-
12;LOUGA;LINGUERE;AFFE DJOLOFF;SAGATTA DJOLOF;128;152;AFFE OUOLOF;829;896;1725;-
13;LOUGA;LINGUERE;AFFE DJOLOFF;SAGATTA DJOLOF;7;9;AFFE PEULH (BRAH);47;31;78;-
14740;LOUGA;LINGUERE;TESSEKRE FORAGE;YANG YANG;4;6;AMALY I;25;25;50;-
14741;LOUGA;LINGUERE;TESSEKRE FORAGE;YANG YANG;14;21;AMALY II;99;113;213;-
14742;LOUGA;LINGUERE;TESSEKRE FORAGE;YANG YANG;9;10;AMALY III;29;37;67;-
14743;LOUGA;LINGUERE;TESSEKRE FORAGE;YANG YANG;4;9;AMALY IV;28;32;61;-
14744;LOUGA;LINGUERE;TESSEKRE FORAGE;YANG YANG;24;27;AMALY MAURE;85;85;170;-
5162;LOUGA;LINGUERE;GASSANE;BARKEDJI;40;43;ARAKE;111;127;238;-
3035;LOUGA;LINGUERE;DEALI;SAGATTA DJOLOF;5;5;ARMA;11;18;30;-
4395;LOUGA;LINGUERE;DODJI;DODJI;6;18;ASRE GAOUDY;53;78;132;-
6038;LOUGA;LINGUERE;KAMB;YANG YANG;6;16;ASRE GAOUDY;52;42;94;-
7564;LOUGA;LINGUERE;LABGAR;DODJI;10;15;ASRE KODIOL;45;50;95;-
7565;LOUGA;LINGUERE;LABGAR;DODJI;18;38;BADE;122;116;238;-
4396;LOUGA;LINGUERE;DODJI;DODJI;2;8;BALDIEL;15;21;36;-
7566;LOUGA;LINGUERE;LABGAR;DODJI;23;43;BALDIEL;147;169;316;-
14745;LOUGA;LINGUERE;TESSEKRE FORAGE;YANG YANG;15;16;BALDIENE SOWENABE;68;69;137;-
12003;LOUGA;LINGUERE;OUARKHOH;DODJI;28;44;BALEL CISSE;198;218;417;-
14918;LOUGA;LINGUERE;THIAMENE DJOLOF;SAGATTA DJOLOF;15;16;BALI BIRIMA NABO;41;52;93;-
14919;LOUGA;LINGUERE;THIAMENE DJOLOF;SAGATTA DJOLOF;11;17;BALI DEMBA NGATAM;71;67;138;-
6039;LOUGA;LINGUERE;KAMB;YANG YANG;9;25;BALI ROTO;72;68;141;-
15065;LOUGA;LINGUERE;THIARGNY;BARKEDJI;5;7;BALLA PEULH;27;34;62;-
3036;LOUGA;LINGUERE;DEALI;SAGATTA DJOLOF;23;27;BALLODJI OUOLOF;104;94;198;-
3037;LOUGA;LINGUERE;DEALI;SAGATTA DJOLOF;10;16;BALLODJI SERERE;58;48;107;-
14;LOUGA;LINGUERE;AFFE DJOLOFF;SAGATTA DJOLOF;9;20;BAMDY;63;62;125;-
3038;LOUGA;LINGUERE;DEALI;SAGATTA DJOLOF;3;4;BARKAYEL MOLO;4;13;17;-
546;LOUGA;LINGUERE;BARKEDJI;BARKEDJI;410;501;BARKEDJI;2187;2242;4430;-
962;LOUGA;LINGUERE;BOULAL;SAGATTA DJOLOF;9;20;BARKEDJI;45;39;85;-
962;LOUGA;LINGUERE;BOULAL;SAGATTA DJOLOF;9;20;BARKEDJI;45;39;85;-
547;LOUGA;LINGUERE;BARKEDJI;BARKEDJI;6;8;BARKEDJI MAURE;31;36;68;-
4397;LOUGA;LINGUERE;DODJI;DODJI;30;31;BARRY;141;164;305;-
15;LOUGA;LINGUERE;AFFE DJOLOFF;SAGATTA DJOLOF;7;12;BARRY PEULH;56;42;98;-
6040;LOUGA;LINGUERE;KAMB;YANG YANG;10;17;BATAL;29;42;71;-
6041;LOUGA;LINGUERE;KAMB;YANG YANG;15;36;BATAL (LAMOUROU);105;130;235;-
4398;LOUGA;LINGUERE;DODJI;DODJI;12;18;BATAMBA SAMBA;57;65;123;-
7567;LOUGA;LINGUERE;LABGAR;DODJI;30;38;BAWDE TOUDOUNDE MAURE;94;128;223;-
14746;LOUGA;LINGUERE;TESSEKRE FORAGE;YANG YANG;6;13;BAYTIL MAKHDISS (BOGAL DANAYAL II);39;64;104;-
14747;LOUGA;LINGUERE;TESSEKRE FORAGE;YANG YANG;9;15;BEDE PAMPINABE;39;44;84;-
963;LOUGA;LINGUERE;BOULAL;SAGATTA DJOLOF;48;72;BEL THIASKY (BOCKY);234;236;471;-
964;LOUGA;LINGUERE;BOULAL;SAGATTA DJOLOF;24;31;BEL THIASKY MAURE;115;127;243;-
965;LOUGA;LINGUERE;BOULAL;SAGATTA DJOLOF;7;8;BEL THIASKY MBARA;31;25;56;-
8844;LOUGA;LINGUERE;MBOULA;YANG YANG;32;63;BELAL DABAL;196;207;404;-
5163;LOUGA;LINGUERE;GASSANE;BARKEDJI;36;52;BELAL DIAOLE;226;204;430;-
5164;LOUGA;LINGUERE;GASSANE;BARKEDJI;15;18;BELAL DIAOLE WADIOU;62;54;116;-
12004;LOUGA;LINGUERE;OUARKHOH;DODJI;4;4;BELAL SALL;34;19;54;-
14748;LOUGA;LINGUERE;TESSEKRE FORAGE;YANG YANG;11;21;BELEL BAWAMY;53;53;107;-
548;LOUGA;LINGUERE;BARKEDJI;BARKEDJI;7;11;BELEL BISNABE;34;42;76;-
15066;LOUGA;LINGUERE;THIARGNY;BARKEDJI;5;5;BELEL BISNABE;17;17;35;-
966;LOUGA;LINGUERE;BOULAL;SAGATTA DJOLOF;12;27;BELEL BOCKY;76;83;159;-
4399;LOUGA;LINGUERE;DODJI;DODJI;1;1;BELEL DADY I;2;10;12;-
4400;LOUGA;LINGUERE;DODJI;DODJI;2;7;BELEL DADY II;23;16;39;-
3039;LOUGA;LINGUERE;DEALI;SAGATTA DJOLOF;7;11;BELEL DIAOBE;38;51;90;-
13310;LOUGA;LINGUERE;SAGATTA DJOLOF;SAGATTA DJOLOF;12;12;BELEL DIOUMA;68;64;132;-
15166;LOUGA;LINGUERE;THIEL;BARKEDJI;8;8;BELEL DOCKY;28;31;59;-
14749;LOUGA;LINGUERE;TESSEKRE FORAGE;YANG YANG;10;21;BELEL DOUTEY I;61;84;145;-
6042;LOUGA;LINGUERE;KAMB;YANG YANG;9;21;BELEL GUELOKI;61;51;112;-
14750;LOUGA;LINGUERE;TESSEKRE FORAGE;YANG YANG;13;27;BELEL HOTONDE;67;66;133;-
16291;LOUGA;LINGUERE;YANG YANG;YANG YANG;10;22;BELEL KODIOLEL;56;53;110;-
4401;LOUGA;LINGUERE;DODJI;DODJI;3;4;BELEL MAYE;10;15;26;-
4402;LOUGA;LINGUERE;DODJI;DODJI;1;1;BELEL MBONO;1;1;2;-
14751;LOUGA;LINGUERE;TESSEKRE FORAGE;YANG YANG;12;25;BELEL MOUTHIETEKY;91;109;201;-
14752;LOUGA;LINGUERE;TESSEKRE FORAGE;YANG YANG;4;6;BELEL NAMARY;24;25;49;-
14753;LOUGA;LINGUERE;TESSEKRE FORAGE;YANG YANG;21;44;BELEL NDOULO;129;150;279;-
5165;LOUGA;LINGUERE;GASSANE;BARKEDJI;3;5;BELEL NELBY;29;28;57;-
15067;LOUGA;LINGUERE;THIARGNY;BARKEDJI;10;12;BELEL NELBY;32;31;64;-
15167;LOUGA;LINGUERE;THIEL;BARKEDJI;29;34;BELEL NELBY KHOUBE;132;133;266;-
14754;LOUGA;LINGUERE;TESSEKRE FORAGE;YANG YANG;4;6;BELEL SAMBA;29;24;53;-
967;LOUGA;LINGUERE;BOULAL;SAGATTA DJOLOF;2;5;BELEL SAMBOUGA;12;14;27;-
549;LOUGA;LINGUERE;BARKEDJI;BARKEDJI;3;6;BELEL THIABOULY;17;13;31;-
968;LOUGA;LINGUERE;BOULAL;SAGATTA DJOLOF;19;26;BELEL THIOMBY;88;89;177;-
8845;LOUGA;LINGUERE;MBOULA;YANG YANG;13;28;BELELE SAMBEYE;85;86;171;-
6043;LOUGA;LINGUERE;KAMB;YANG YANG;4;7;BELIHEL;22;25;47;-
6044;LOUGA;LINGUERE;KAMB;YANG YANG;12;33;BELIHEL AYRE;95;104;199;-
3040;LOUGA;LINGUERE;DEALI;SAGATTA DJOLOF;5;5;BELLY DJIPORY;51;66;117;-
3041;LOUGA;LINGUERE;DEALI;SAGATTA DJOLOF;7;8;BELLY I;43;31;74;-
3042;LOUGA;LINGUERE;DEALI;SAGATTA DJOLOF;6;17;BELLY II;72;58;131;-
4403;LOUGA;LINGUERE;DODJI;DODJI;60;87;BELLY WELLY PEULH (BELLY OLY);306;298;605;-
5166;LOUGA;LINGUERE;GASSANE;BARKEDJI;5;6;BELTATY PEULH;39;19;59;-
5167;LOUGA;LINGUERE;GASSANE;BARKEDJI;26;32;BELTATY SERERE;112;133;246;-
550;LOUGA;LINGUERE;BARKEDJI;BARKEDJI;6;9;BELY BODO II;42;36;78;-
8846;LOUGA;LINGUERE;MBOULA;YANG YANG;17;44;BOBARAL;149;183;332;-
8847;LOUGA;LINGUERE;MBOULA;YANG YANG;3;10;BOCKY MBALOU;35;34;70;-
8848;LOUGA;LINGUERE;MBOULA;YANG YANG;14;14;BOCKY NDAO;47;22;69;-
14755;LOUGA;LINGUERE;TESSEKRE FORAGE;YANG YANG;14;30;BOCKY SAKEYAL;74;64;138;-
969;LOUGA;LINGUERE;BOULAL;SAGATTA DJOLOF;5;7;BOCKY SAMBOUDOU I;55;43;98;-
970;LOUGA;LINGUERE;BOULAL;SAGATTA DJOLOF;21;24;BOCKY SAMBOUDOU II;109;94;204;-
8849;LOUGA;LINGUERE;MBOULA;YANG YANG;26;56;BOCKY THIANDEL;174;179;354;-
14756;LOUGA;LINGUERE;TESSEKRE FORAGE;YANG YANG;9;10;BOCKY THIAWO II;33;44;77;-
15168;LOUGA;LINGUERE;THIEL;BARKEDJI;10;13;BODE;62;66;128;-
15169;LOUGA;LINGUERE;THIEL;BARKEDJI;12;14;BODE THIEL;43;49;92;-
6045;LOUGA;LINGUERE;KAMB;YANG YANG;13;17;BOFI BISNABE;42;59;102;-
14757;LOUGA;LINGUERE;TESSEKRE FORAGE;YANG YANG;4;13;BOGAL DANAYAL I;36;31;68;-
3043;LOUGA;LINGUERE;DEALI;SAGATTA DJOLOF;12;16;BOGO DEMBA DIAM;94;78;173;-
7568;LOUGA;LINGUERE;LABGAR;DODJI;12;30;BOGOTHIE;76;92;169;-
3044;LOUGA;LINGUERE;DEALI;SAGATTA DJOLOF;18;29;BOGUEL LALO PANAL;103;115;218;-
8850;LOUGA;LINGUERE;MBOULA;YANG YANG;14;14;BOGUEL NDIAYENE;63;44;107;-
551;LOUGA;LINGUERE;BARKEDJI;BARKEDJI;5;8;BOKI BOFFI II;24;23;47;-
14920;LOUGA;LINGUERE;THIAMENE DJOLOF;SAGATTA DJOLOF;0;0;BOKY POUREL;0;0;0;Non habité
552;LOUGA;LINGUERE;BARKEDJI;BARKEDJI;24;44;BOUBACK;164;156;321;-
971;LOUGA;LINGUERE;BOULAL;SAGATTA DJOLOF;187;219;BOULAL;996;1089;2086;-
15170;LOUGA;LINGUERE;THIEL;BARKEDJI;9;15;BOULERY;54;64;118;-
972;LOUGA;LINGUERE;BOULAL;SAGATTA DJOLOF;7;13;BOULI REOBE;46;45;91;-
15068;LOUGA;LINGUERE;THIARGNY;BARKEDJI;8;14;BOULOGNE ARDO;54;51;106;-
7569;LOUGA;LINGUERE;LABGAR;DODJI;11;18;BOULOGNE I;77;82;159;-
4404;LOUGA;LINGUERE;DODJI;DODJI;2;13;BOULOGNE II;28;37;66;-
7570;LOUGA;LINGUERE;LABGAR;DODJI;14;31;BOULOGNE II;131;135;267;-
4405;LOUGA;LINGUERE;DODJI;DODJI;9;11;BOULY BOUTEL;36;33;70;-
4406;LOUGA;LINGUERE;DODJI;DODJI;4;6;BOUNDIANG;26;23;49;-
14758;LOUGA;LINGUERE;TESSEKRE FORAGE;YANG YANG;10;15;BOWDY DIOYE;50;58;109;-
4407;LOUGA;LINGUERE;DODJI;DODJI;1;2;BOWE BOBORAL;8;14;23;-
4408;LOUGA;LINGUERE;DODJI;DODJI;16;26;BOWE NIERY;96;96;193;-
4409;LOUGA;LINGUERE;DODJI;DODJI;11;23;BOWE OUROURBE I;101;101;202;-
4410;LOUGA;LINGUERE;DODJI;DODJI;6;9;BOWE OUROURBE II;19;31;51;-
4411;LOUGA;LINGUERE;DODJI;DODJI;7;14;BOWE SAMBA MODY;42;46;88;-
3045;LOUGA;LINGUERE;DEALI;SAGATTA DJOLOF;4;5;BOYLI;33;29;63;-
973;LOUGA;LINGUERE;BOULAL;SAGATTA DJOLOF;16;27;DABANEL BOCKY I;87;75;163;-
13311;LOUGA;LINGUERE;SAGATTA DJOLOF;SAGATTA DJOLOF;58;70;DAGA BARRY;283;231;514;-
6046;LOUGA;LINGUERE;KAMB;YANG YANG;21;24;DAGA DECK REYE I;69;73;143;-
974;LOUGA;LINGUERE;BOULAL;SAGATTA DJOLOF;4;7;DAGA KOYLOGNE PAMPI;28;19;48;-
13312;LOUGA;LINGUERE;SAGATTA DJOLOF;SAGATTA DJOLOF;7;12;DAGA NGASSAMA;36;44;81;-
13313;LOUGA;LINGUERE;SAGATTA DJOLOF;SAGATTA DJOLOF;13;13;DAGA NGOM;48;33;82;-
6047;LOUGA;LINGUERE;KAMB;YANG YANG;25;42;DAGA ROTO (RAHMANE);124;126;250;-
1469;LOUGA;LINGUERE;COM. DAHRA;COM. DAHRA;590;656;DAHRA MBAYENE;2892;2630;5523;-
16292;LOUGA;LINGUERE;YANG YANG;YANG YANG;3;3;DAKHAR MBOUDOU;10;13;24;-
16293;LOUGA;LINGUERE;YANG YANG;YANG YANG;5;9;DAKHAR MBOUDOU THIOSSANE;46;42;88;-
15171;LOUGA;LINGUERE;THIEL;BARKEDJI;16;21;DANEDJI;89;89;178;-
975;LOUGA;LINGUERE;BOULAL;SAGATTA DJOLOF;11;25;DANTHIALY;89;90;179;-
5168;LOUGA;LINGUERE;GASSANE;BARKEDJI;12;15;DANTHIALY;93;93;186;-
3046;LOUGA;LINGUERE;DEALI;SAGATTA DJOLOF;3;14;DARMA TIRIKY;76;55;132;-
3047;LOUGA;LINGUERE;DEALI;SAGATTA DJOLOF;29;33;DAROU BOGO;161;153;315;-
5169;LOUGA;LINGUERE;GASSANE;BARKEDJI;0;0;DAROU DIOP (DAROU GUEYE);0;0;0;"Affecter à la CR Darou Minane II DR 12; REG KAFFRINE"
3048;LOUGA;LINGUERE;DEALI;SAGATTA DJOLOF;15;15;DAROU GUEYE;54;48;103;-
3049;LOUGA;LINGUERE;DEALI;SAGATTA DJOLOF;58;59;DAROU KHOUDOSS;361;291;652;-
15172;LOUGA;LINGUERE;THIEL;BARKEDJI;14;15;DAROU KHOUDOSS;132;96;229;-
15173;LOUGA;LINGUERE;THIEL;BARKEDJI;2;2;DAROU MARNANE;11;10;22;-
5170;LOUGA;LINGUERE;GASSANE;BARKEDJI;26;31;DAROU MARNANE SIBOLE;148;145;293;-
5171;LOUGA;LINGUERE;GASSANE;BARKEDJI;77;82;DAROU MINAME TAIF;606;309;916;-
553;LOUGA;LINGUERE;BARKEDJI;BARKEDJI;25;32;DAROU NAHIM;97;106;204;-
15174;LOUGA;LINGUERE;THIEL;BARKEDJI;9;14;DAROU NAHIM;67;62;129;-
15175;LOUGA;LINGUERE;THIEL;BARKEDJI;10;13;DAROU NAHIM (SILAT);73;57;131;-
1470;LOUGA;LINGUERE;COM. DAHRA;COM. DAHRA;226;244;DAROU NDIAYENE I et DAROU NDIAYENE II;813;888;1701;-
1471;LOUGA;LINGUERE;COM. DAHRA;COM. DAHRA;239;314;DAROU RAHMANE;1178;1255;2434;-
5172;LOUGA;LINGUERE;GASSANE;BARKEDJI;42;45;DAROU SALAM DIOP;414;279;694;-
12005;LOUGA;LINGUERE;OUARKHOH;DODJI;30;54;DAROU SALAM LOUMBI;203;208;411;-
15069;LOUGA;LINGUERE;THIARGNY;BARKEDJI;16;21;DAROU SALAM MAURE;68;70;138;-
14921;LOUGA;LINGUERE;THIAMENE DJOLOF;SAGATTA DJOLOF;97;116;DAROU SALAM MAURE (NDOGANDOU);605;516;1122;-
15176;LOUGA;LINGUERE;THIEL;BARKEDJI;11;12;DAROU SALAM MBACKE;63;61;124;-
14922;LOUGA;LINGUERE;THIAMENE DJOLOF;SAGATTA DJOLOF;33;49;DAROU SALAM MELAKH;264;309;574;-
3050;LOUGA;LINGUERE;DEALI;SAGATTA DJOLOF;37;44;DAROU SALAM MOURIDE;202;202;404;-
15177;LOUGA;LINGUERE;THIEL;BARKEDJI;22;22;DAROU SALAM THIEL;108;127;235;-
16294;LOUGA;LINGUERE;YANG YANG;YANG YANG;6;7;DAROU SALAM THISSE;32;31;64;-
3051;LOUGA;LINGUERE;DEALI;SAGATTA DJOLOF;10;13;DAROU SAM;44;32;76;-
4412;LOUGA;LINGUERE;DODJI;DODJI;32;57;DASS NGOUROU;242;212;454;-
3052;LOUGA;LINGUERE;DEALI;SAGATTA DJOLOF;12;20;DAYLE I;71;70;142;-
3053;LOUGA;LINGUERE;DEALI;SAGATTA DJOLOF;7;10;DAYLE II;55;52;108;-
3054;LOUGA;LINGUERE;DEALI;SAGATTA DJOLOF;140;149;DEALI;741;720;1462;-
554;LOUGA;LINGUERE;BARKEDJI;BARKEDJI;15;15;DEBODIOLA;62;82;144;-
6048;LOUGA;LINGUERE;KAMB;YANG YANG;2;3;DECK REYE BELIHEL;11;12;24;-
6049;LOUGA;LINGUERE;KAMB;YANG YANG;9;17;DECK REYE I;51;42;93;-
6050;LOUGA;LINGUERE;KAMB;YANG YANG;10;13;DECK REYE II;69;48;117;-
14923;LOUGA;LINGUERE;THIAMENE DJOLOF;SAGATTA DJOLOF;11;11;DECK WOTE LEWONABE;56;45;102;-
14924;LOUGA;LINGUERE;THIAMENE DJOLOF;SAGATTA DJOLOF;21;31;DECK WOTE LOUMBI KORE;143;127;270;-
14925;LOUGA;LINGUERE;THIAMENE DJOLOF;SAGATTA DJOLOF;3;3;DECK WOTE SOUGOUNABE;14;11;26;-
14926;LOUGA;LINGUERE;THIAMENE DJOLOF;SAGATTA DJOLOF;14;21;DECK WOTE THIANOR (PAYE WOUDE);82;63;145;-
6051;LOUGA;LINGUERE;KAMB;YANG YANG;5;10;DEMBA NDIARNO;16;14;31;-
14927;LOUGA;LINGUERE;THIAMENE DJOLOF;SAGATTA DJOLOF;4;11;DENDIELY GUELY;39;37;77;-
14928;LOUGA;LINGUERE;THIAMENE DJOLOF;SAGATTA DJOLOF;5;11;DENDIELY ISLAM;44;50;94;-
14929;LOUGA;LINGUERE;THIAMENE DJOLOF;SAGATTA DJOLOF;42;76;DENDIELY NAMASSE;265;256;522;-
976;LOUGA;LINGUERE;BOULAL;SAGATTA DJOLOF;5;10;DEPAL;28;19;48;-
977;LOUGA;LINGUERE;BOULAL;SAGATTA DJOLOF;8;13;DEPE KELLE;36;33;70;-
16;LOUGA;LINGUERE;AFFE DJOLOFF;SAGATTA DJOLOF;17;33;DEPRE GALLO;131;99;231;-
15178;LOUGA;LINGUERE;THIEL;BARKEDJI;6;11;DEROUDOU;42;36;78;-
15179;LOUGA;LINGUERE;THIEL;BARKEDJI;2;3;DEROUDOU THIEL;10;15;26;-
555;LOUGA;LINGUERE;BARKEDJI;BARKEDJI;13;13;DEYBA AMADOU;37;57;95;-
556;LOUGA;LINGUERE;BARKEDJI;BARKEDJI;1;1;DIABAL;1;0;1;-
16295;LOUGA;LINGUERE;YANG YANG;YANG YANG;5;10;DIABE SAPO AYRE;14;12;27;-
16296;LOUGA;LINGUERE;YANG YANG;YANG YANG;11;23;DIABE SAPO I;94;107;202;-
16297;LOUGA;LINGUERE;YANG YANG;YANG YANG;2;3;DIABE SAPO II (DIABE SAPO NERE);8;6;14;-
16298;LOUGA;LINGUERE;YANG YANG;YANG YANG;5;17;DIABE SAPO SENO;48;51;99;-
16299;LOUGA;LINGUERE;YANG YANG;YANG YANG;4;5;DIABE SAPO THIANOR;8;9;17;-
14759;LOUGA;LINGUERE;TESSEKRE FORAGE;YANG YANG;18;43;DIABE SOWNABE;147;152;299;-
15180;LOUGA;LINGUERE;THIEL;BARKEDJI;3;5;DIACK SAO TOURE;83;18;102;-
15181;LOUGA;LINGUERE;THIEL;BARKEDJI;23;27;DIAGA;144;137;282;-
15182;LOUGA;LINGUERE;THIEL;BARKEDJI;38;48;DIAGA DOLY;192;188;381;-
557;LOUGA;LINGUERE;BARKEDJI;BARKEDJI;30;46;DIAGALY DIAO;191;165;356;-
558;LOUGA;LINGUERE;BARKEDJI;BARKEDJI;13;16;DIALA;72;64;136;-
15183;LOUGA;LINGUERE;THIEL;BARKEDJI;8;14;DIALY FAFA;26;32;58;-
13314;LOUGA;LINGUERE;SAGATTA DJOLOF;SAGATTA DJOLOF;17;23;DIAM DIALE;151;131;283;-
15184;LOUGA;LINGUERE;THIEL;BARKEDJI;38;44;DIAM WELY;278;236;515;-
5173;LOUGA;LINGUERE;GASSANE;BARKEDJI;5;5;DIAMAGUENE MBENGUENE;50;38;89;-
5173;LOUGA;LINGUERE;GASSANE;BARKEDJI;5;5;DIAMAGUENE MBENGUENE;50;38;89;-
12006;LOUGA;LINGUERE;OUARKHOH;DODJI;13;14;DIAMBAL PEULH;46;52;98;-
12007;LOUGA;LINGUERE;OUARKHOH;DODJI;5;9;DICK DIAWBE;34;30;65;-
12008;LOUGA;LINGUERE;OUARKHOH;DODJI;8;14;DICK DOW GASSAMA (PITELE);50;48;98;-
12009;LOUGA;LINGUERE;OUARKHOH;DODJI;5;11;DICK DOW MBATHIOR;61;46;107;-
12010;LOUGA;LINGUERE;OUARKHOH;DODJI;14;24;DICK LESS;62;58;121;-
12011;LOUGA;LINGUERE;OUARKHOH;DODJI;7;10;DICK OUOLOF;23;28;51;-
12012;LOUGA;LINGUERE;OUARKHOH;DODJI;11;14;DICK SACY;57;70;128;-
12013;LOUGA;LINGUERE;OUARKHOH;DODJI;11;20;DICK SANTHE;68;67;135;-
3055;LOUGA;LINGUERE;DEALI;SAGATTA DJOLOF;0;0;DIENGA;0;0;0;Non habité
14930;LOUGA;LINGUERE;THIAMENE DJOLOF;SAGATTA DJOLOF;22;23;DIERY BIRANE;109;118;228;-
978;LOUGA;LINGUERE;BOULAL;SAGATTA DJOLOF;7;9;DIGANTE MAURE;36;21;57;-
15185;LOUGA;LINGUERE;THIEL;BARKEDJI;33;36;DIMISKHA;166;218;385;-
979;LOUGA;LINGUERE;BOULAL;SAGATTA DJOLOF;8;12;DIOLDIOLETE;48;48;96;-
559;LOUGA;LINGUERE;BARKEDJI;BARKEDJI;18;20;DIOLY LATHIE;88;77;166;-
12014;LOUGA;LINGUERE;OUARKHOH;DODJI;11;17;DIORY;89;105;194;-
13315;LOUGA;LINGUERE;SAGATTA DJOLOF;SAGATTA DJOLOF;22;25;DIOUBAL NAMASS;127;126;253;-
13316;LOUGA;LINGUERE;SAGATTA DJOLOF;SAGATTA DJOLOF;13;14;DIOUBAL NDALLA;89;74;164;-
13317;LOUGA;LINGUERE;SAGATTA DJOLOF;SAGATTA DJOLOF;0;0;DIOUBAL YEDI;0;0;0;Non habité
14760;LOUGA;LINGUERE;TESSEKRE FORAGE;YANG YANG;12;17;DIOULARE GAOUDY;51;55;107;-
15186;LOUGA;LINGUERE;THIEL;BARKEDJI;32;64;DIOULKY;287;296;584;-
560;LOUGA;LINGUERE;BARKEDJI;BARKEDJI;40;61;DJIBANANE ARDO;205;212;417;-
561;LOUGA;LINGUERE;BARKEDJI;BARKEDJI;27;48;DJIBANANE EL HADJI;108;107;215;-
562;LOUGA;LINGUERE;BARKEDJI;BARKEDJI;12;26;DJIBANANE HAMADY;52;61;113;-
563;LOUGA;LINGUERE;BARKEDJI;BARKEDJI;8;21;DJIBANANE THIASKY II;53;58;112;-
564;LOUGA;LINGUERE;BARKEDJI;BARKEDJI;35;43;DJIGALI OUOLOF;181;162;343;-
4413;LOUGA;LINGUERE;DODJI;DODJI;10;16;DODJI NDIALAL;57;64;122;-
4414;LOUGA;LINGUERE;DODJI;DODJI;2;3;DODJI NIANGHENE;8;10;18;-
4415;LOUGA;LINGUERE;DODJI;DODJI;116;185;DODJI OUOLOF;671;776;1448;-
4416;LOUGA;LINGUERE;DODJI;DODJI;17;20;DODJI PEULH;104;37;142;-
4417;LOUGA;LINGUERE;DODJI;DODJI;6;20;DODJI PEULH II;44;37;82;-
4418;LOUGA;LINGUERE;DODJI;DODJI;20;28;DODJI PEULH MBAYNABE;61;64;125;-
4419;LOUGA;LINGUERE;DODJI;DODJI;13;18;DODJI SANTHIE;68;72;141;-
16300;LOUGA;LINGUERE;YANG YANG;YANG YANG;6;13;DOGANDOU PEULH;41;47;88;-
15187;LOUGA;LINGUERE;THIEL;BARKEDJI;54;70;DOLY CENTRE;256;277;534;-
15188;LOUGA;LINGUERE;THIEL;BARKEDJI;25;31;DOLY II;124;108;232;-
15189;LOUGA;LINGUERE;THIEL;BARKEDJI;5;7;DOMOKE THIEL;35;28;64;-
13318;LOUGA;LINGUERE;SAGATTA DJOLOF;SAGATTA DJOLOF;21;21;DONGHO;79;73;153;-
8851;LOUGA;LINGUERE;MBOULA;YANG YANG;4;4;DORO;15;13;29;-
14931;LOUGA;LINGUERE;THIAMENE DJOLOF;SAGATTA DJOLOF;27;40;DOULY LOUMBI KORE;108;106;214;-
14932;LOUGA;LINGUERE;THIAMENE DJOLOF;SAGATTA DJOLOF;3;6;DOULY NAMASSE KHOUBE;15;13;29;-
14933;LOUGA;LINGUERE;THIAMENE DJOLOF;SAGATTA DJOLOF;3;5;DOULY NAMASSE PATHE;22;17;39;-
14934;LOUGA;LINGUERE;THIAMENE DJOLOF;SAGATTA DJOLOF;5;9;DOULY NDALLA;26;21;47;-
12015;LOUGA;LINGUERE;OUARKHOH;DODJI;60;74;DOUNDODJI I;349;419;769;-
12015;LOUGA;LINGUERE;OUARKHOH;DODJI;60;74;DOUNDODJI I;349;419;769;-
12016;LOUGA;LINGUERE;OUARKHOH;DODJI;18;26;DOUNDODJI II;101;125;226;-
12016;LOUGA;LINGUERE;OUARKHOH;DODJI;18;26;DOUNDODJI II;101;125;226;-
12017;LOUGA;LINGUERE;OUARKHOH;DODJI;66;83;DOUNDODJI PARBA;398;430;829;-
12017;LOUGA;LINGUERE;OUARKHOH;DODJI;66;83;DOUNDODJI PARBA;398;430;829;-
4420;LOUGA;LINGUERE;DODJI;DODJI;12;33;DOUNE DOUNE LATHIE I;78;75;154;-
4421;LOUGA;LINGUERE;DODJI;DODJI;6;16;DOUNE DOUNE LATHIE II;41;41;82;-
4422;LOUGA;LINGUERE;DODJI;DODJI;7;16;DOUNE DOUNE NAIDE;69;62;131;-
4423;LOUGA;LINGUERE;DODJI;DODJI;10;27;DOUNE DOUNE ORIENTAL;65;64;129;-
3056;LOUGA;LINGUERE;DEALI;SAGATTA DJOLOF;19;22;EDEL MBAPP;111;77;189;-
5174;LOUGA;LINGUERE;GASSANE;BARKEDJI;9;12;FASS AINOUMADY (FASS TOURE);73;73;147;-
14935;LOUGA;LINGUERE;THIAMENE DJOLOF;SAGATTA DJOLOF;17;21;FASS EL HADJI ABDOUL AZIZ;84;92;176;-
5175;LOUGA;LINGUERE;GASSANE;BARKEDJI;60;65;FASS LOLI;323;323;646;-
14936;LOUGA;LINGUERE;THIAMENE DJOLOF;SAGATTA DJOLOF;2;8;FASS NDIAYE;31;21;52;-
8852;LOUGA;LINGUERE;MBOULA;YANG YANG;2;8;FEDIOBE;17;12;30;-
14761;LOUGA;LINGUERE;TESSEKRE FORAGE;YANG YANG;21;22;FETO PATOUDE;76;97;174;-
5176;LOUGA;LINGUERE;GASSANE;BARKEDJI;1;1;FOGNY;2;2;4;-
3057;LOUGA;LINGUERE;DEALI;SAGATTA DJOLOF;6;12;FOGNY BATHIARY;45;48;93;-
3058;LOUGA;LINGUERE;DEALI;SAGATTA DJOLOF;11;22;FOGNY DIABE NDIALLE;83;99;183;-
565;LOUGA;LINGUERE;BARKEDJI;BARKEDJI;34;74;FOUTHILY;243;243;486;-
3059;LOUGA;LINGUERE;DEALI;SAGATTA DJOLOF;7;14;FOYLOLDE NDIENGUEL;71;67;138;-
14937;LOUGA;LINGUERE;THIAMENE DJOLOF;SAGATTA DJOLOF;6;6;GABOUGAL;13;12;26;-
17;LOUGA;LINGUERE;AFFE DJOLOFF;SAGATTA DJOLOF;5;7;GADY;26;34;61;-
7571;LOUGA;LINGUERE;LABGAR;DODJI;42;63;GAIDOUME AIRANCOBE;263;273;536;-
7572;LOUGA;LINGUERE;LABGAR;DODJI;2;4;GAIDOUME NDIALALE;10;17;28;-
14938;LOUGA;LINGUERE;THIAMENE DJOLOF;SAGATTA DJOLOF;20;35;GAINTH AMETH;121;156;277;-
14762;LOUGA;LINGUERE;TESSEKRE FORAGE;YANG YANG;17;21;GANAREL;68;82;150;-
13319;LOUGA;LINGUERE;SAGATTA DJOLOF;SAGATTA DJOLOF;46;53;GANG OUOLOF;283;315;598;-
13320;LOUGA;LINGUERE;SAGATTA DJOLOF;SAGATTA DJOLOF;4;6;GANG PEULH;29;28;57;-
14763;LOUGA;LINGUERE;TESSEKRE FORAGE;YANG YANG;10;10;GANINA SAMBOUROU;37;35;73;-
14764;LOUGA;LINGUERE;TESSEKRE FORAGE;YANG YANG;11;13;GANINAYEL BISSINABE;46;33;79;-
14765;LOUGA;LINGUERE;TESSEKRE FORAGE;YANG YANG;2;10;GANINAYEL I (GANINAYEL BAKARNABE);45;50;95;-
14766;LOUGA;LINGUERE;TESSEKRE FORAGE;YANG YANG;1;1;GANINAYEL WODABE;0;5;5;-
980;LOUGA;LINGUERE;BOULAL;SAGATTA DJOLOF;4;4;GARDI I (TOUBA);13;10;24;-
981;LOUGA;LINGUERE;BOULAL;SAGATTA DJOLOF;14;17;GARDI KOYLI NGOTY;55;53;109;-
6052;LOUGA;LINGUERE;KAMB;YANG YANG;11;16;GARDY II;29;27;56;-
5177;LOUGA;LINGUERE;GASSANE;BARKEDJI;21;24;GASSANE DIABEL;107;99;207;-
5178;LOUGA;LINGUERE;GASSANE;BARKEDJI;195;247;GASSANE NDAWENE;1145;1259;2405;-
5179;LOUGA;LINGUERE;GASSANE;BARKEDJI;11;13;GASSANE NDOL NDOL;89;90;179;-
5180;LOUGA;LINGUERE;GASSANE;BARKEDJI;25;27;GASSANE PEULH;85;85;170;-
5181;LOUGA;LINGUERE;GASSANE;BARKEDJI;16;18;GASSANE SAMBE;95;94;190;-
5182;LOUGA;LINGUERE;GASSANE;BARKEDJI;41;68;GASSANE SERERE;398;326;725;-
5183;LOUGA;LINGUERE;GASSANE;BARKEDJI;14;14;GASSANE SEYE;123;105;228;-
6053;LOUGA;LINGUERE;KAMB;YANG YANG;3;15;GASSEL;48;38;87;-
6054;LOUGA;LINGUERE;KAMB;YANG YANG;7;8;GASSEL CAMARA;37;36;74;-
6055;LOUGA;LINGUERE;KAMB;YANG YANG;9;9;GASSEL NOUROU;35;34;70;-
15190;LOUGA;LINGUERE;THIEL;BARKEDJI;2;3;GASSEL ODIOUDE;14;15;30;-
566;LOUGA;LINGUERE;BARKEDJI;BARKEDJI;30;37;GASSEL OUROURBE;130;166;296;-
567;LOUGA;LINGUERE;BARKEDJI;BARKEDJI;12;16;GASSEL PEULH;81;70;151;-
568;LOUGA;LINGUERE;BARKEDJI;BARKEDJI;33;43;GASSET I;145;134;279;-
569;LOUGA;LINGUERE;BARKEDJI;BARKEDJI;7;8;GASSET II;47;39;87;-
14939;LOUGA;LINGUERE;THIAMENE DJOLOF;SAGATTA DJOLOF;1;1;GATI KEUR IBRA GUEYE;2;3;5;-
13321;LOUGA;LINGUERE;SAGATTA DJOLOF;SAGATTA DJOLOF;2;2;GNINGUENE;12;5;17;-
7573;LOUGA;LINGUERE;LABGAR;DODJI;7;10;GNIWA DOWE;68;53;122;-
4424;LOUGA;LINGUERE;DODJI;DODJI;3;5;GNIWA MBOURLOGNE;16;14;31;-
4425;LOUGA;LINGUERE;DODJI;DODJI;2;4;GNIWA SENO;9;14;24;-
4426;LOUGA;LINGUERE;DODJI;DODJI;20;35;GNIWA WALY MATH;123;147;270;-
4427;LOUGA;LINGUERE;DODJI;DODJI;12;20;GNIWA WENDOU BEYE;74;76;151;-
3060;LOUGA;LINGUERE;DEALI;SAGATTA DJOLOF;12;14;GOLGUI;65;57;123;-
4428;LOUGA;LINGUERE;DODJI;DODJI;16;28;GONAKY;81;97;178;-
12018;LOUGA;LINGUERE;OUARKHOH;DODJI;29;61;GOREE THIONGUE;191;213;404;-
12019;LOUGA;LINGUERE;OUARKHOH;DODJI;15;25;GOREE WALY I;81;71;152;-
12020;LOUGA;LINGUERE;OUARKHOH;DODJI;28;32;GOREE WALY II;99;111;211;-
3061;LOUGA;LINGUERE;DEALI;SAGATTA DJOLOF;11;17;GORKO MODIO;95;96;192;-
6056;LOUGA;LINGUERE;KAMB;YANG YANG;3;5;GOUBY BISNABE;11;8;19;-
982;LOUGA;LINGUERE;BOULAL;SAGATTA DJOLOF;50;66;GOUEDIA;217;198;416;-
6057;LOUGA;LINGUERE;KAMB;YANG YANG;35;84;GOULOUM NDIAYENE;269;279;549;-
6058;LOUGA;LINGUERE;KAMB;YANG YANG;4;7;GOULOUM NGAYENE;33;27;61;-
6059;LOUGA;LINGUERE;KAMB;YANG YANG;22;40;GOULOUM THIARENE;146;150;296;-
15191;LOUGA;LINGUERE;THIEL;BARKEDJI;14;15;GOUMEL NAMASS;75;68;144;-
983;LOUGA;LINGUERE;BOULAL;SAGATTA DJOLOF;23;41;GOURIKY;157;164;322;-
15070;LOUGA;LINGUERE;THIARGNY;BARKEDJI;6;13;GOUYE GUENE;57;53;111;-
15071;LOUGA;LINGUERE;THIARGNY;BARKEDJI;3;6;GOUYE THIANGAL;23;22;45;-
6060;LOUGA;LINGUERE;KAMB;YANG YANG;4;5;GUEDJI BOGUEL;13;10;24;-
6061;LOUGA;LINGUERE;KAMB;YANG YANG;6;9;GUEDJI MBARA THIEWELLE (BELEL DIABE);26;18;45;-
6062;LOUGA;LINGUERE;KAMB;YANG YANG;8;13;GUEDJI NAMASS;46;38;85;-
15072;LOUGA;LINGUERE;THIARGNY;BARKEDJI;14;28;GUELEWAR GUELY;103;95;198;-
15073;LOUGA;LINGUERE;THIARGNY;BARKEDJI;2;3;GUELEWAR NAMASS;10;9;19;-
15074;LOUGA;LINGUERE;THIARGNY;BARKEDJI;2;6;GUELEWAR PAMPINABE;19;23;43;-
5184;LOUGA;LINGUERE;GASSANE;BARKEDJI;17;20;GUELODE DIOP;98;92;191;-
984;LOUGA;LINGUERE;BOULAL;SAGATTA DJOLOF;7;9;GUELY BEL THIASKY;32;24;56;-
14940;LOUGA;LINGUERE;THIAMENE DJOLOF;SAGATTA DJOLOF;20;32;GUELY DJOLOFF;141;119;261;-
985;LOUGA;LINGUERE;BOULAL;SAGATTA DJOLOF;16;26;GUELY LOUMBAL;105;105;210;-
986;LOUGA;LINGUERE;BOULAL;SAGATTA DJOLOF;15;26;GUELY YODI;73;79;153;-
12021;LOUGA;LINGUERE;OUARKHOH;DODJI;30;40;GUENENE;178;185;364;-
6063;LOUGA;LINGUERE;KAMB;YANG YANG;2;9;GUENT AHMETH GUELY (OURO SAMBA);22;22;44;-
14767;LOUGA;LINGUERE;TESSEKRE FORAGE;YANG YANG;9;17;GUENT BOUBOU;33;57;91;-
16301;LOUGA;LINGUERE;YANG YANG;YANG YANG;3;10;GUENT KHOSS;29;33;63;-
4429;LOUGA;LINGUERE;DODJI;DODJI;4;8;GUENTE NDAWEDJI I;25;37;63;-
4430;LOUGA;LINGUERE;DODJI;DODJI;3;9;GUENTE NDAWEDJI II;19;17;37;-
15192;LOUGA;LINGUERE;THIEL;BARKEDJI;8;8;GUET ARDO THIEL;31;44;75;-
12022;LOUGA;LINGUERE;OUARKHOH;DODJI;6;12;GUETO;37;32;70;-
13322;LOUGA;LINGUERE;SAGATTA DJOLOF;SAGATTA DJOLOF;11;14;GUIDO ALLAH I;51;51;103;-
13323;LOUGA;LINGUERE;SAGATTA DJOLOF;SAGATTA DJOLOF;12;13;GUIDO ALLAH II;63;46;109;-
15075;LOUGA;LINGUERE;THIARGNY;BARKEDJI;7;11;GUIRODJI;43;35;78;-
987;LOUGA;LINGUERE;BOULAL;SAGATTA DJOLOF;14;20;HARAKE DEPE KELLE;42;59;102;-
4431;LOUGA;LINGUERE;DODJI;DODJI;28;40;KABELE II;176;145;322;-
7574;LOUGA;LINGUERE;LABGAR;DODJI;11;16;KABELELE I;57;64;122;-
14768;LOUGA;LINGUERE;TESSEKRE FORAGE;YANG YANG;0;0;KAD PEULH;0;0;0;Non habité
3062;LOUGA;LINGUERE;DEALI;SAGATTA DJOLOF;35;37;KADD NDIAYENE (KADD BALLODJI);177;149;326;-
3063;LOUGA;LINGUERE;DEALI;SAGATTA DJOLOF;8;14;KADD PEULH;97;99;197;-
16302;LOUGA;LINGUERE;YANG YANG;YANG YANG;16;46;KADD PEULH;134;130;265;-
18;LOUGA;LINGUERE;AFFE DJOLOFF;SAGATTA DJOLOF;4;5;KADIEL;12;11;24;-
13324;LOUGA;LINGUERE;SAGATTA DJOLOF;SAGATTA DJOLOF;3;6;KADIOLE;28;25;53;-
4432;LOUGA;LINGUERE;DODJI;DODJI;96;155;KADJI MADIA;759;851;1611;-
4433;LOUGA;LINGUERE;DODJI;DODJI;16;33;KADJI NDIAYENE;87;89;176;-
4434;LOUGA;LINGUERE;DODJI;DODJI;10;21;KADJI NIANGHENE;55;66;122;-
4435;LOUGA;LINGUERE;DODJI;DODJI;6;10;KADJI THIONG;36;30;67;-
570;LOUGA;LINGUERE;BARKEDJI;BARKEDJI;10;11;KAGNAR OUROURBE;50;63;113;-
16303;LOUGA;LINGUERE;YANG YANG;YANG YANG;28;30;KALOSSY OUOLOF;76;70;147;-
16304;LOUGA;LINGUERE;YANG YANG;YANG YANG;10;11;KALOSSY PEULH;52;51;104;-
6064;LOUGA;LINGUERE;KAMB;YANG YANG;11;11;KAMARA OUOLOF;43;39;83;-
6065;LOUGA;LINGUERE;KAMB;YANG YANG;3;3;KAMARA PEULH;13;11;25;-
6066;LOUGA;LINGUERE;KAMB;YANG YANG;35;55;KAMB;153;117;271;-
571;LOUGA;LINGUERE;BARKEDJI;BARKEDJI;14;23;KANGALEDJI;77;115;193;-
3064;LOUGA;LINGUERE;DEALI;SAGATTA DJOLOF;18;24;KARKOUTHIE;190;181;371;-
6067;LOUGA;LINGUERE;KAMB;YANG YANG;24;42;KEBE KHAKHAM;153;154;308;-
6068;LOUGA;LINGUERE;KAMB;YANG YANG;2;5;KEBE THIANOR;19;9;29;-
19;LOUGA;LINGUERE;AFFE DJOLOFF;SAGATTA DJOLOF;5;10;KELLE SAMBOURGUEL;31;36;68;-
6069;LOUGA;LINGUERE;KAMB;YANG YANG;11;15;KERLANE MAURE;43;43;86;-
6070;LOUGA;LINGUERE;KAMB;YANG YANG;5;7;KERLANE PEULH;32;12;45;-
7575;LOUGA;LINGUERE;LABGAR;DODJI;7;7;KHADAR;33;34;68;-
13325;LOUGA;LINGUERE;SAGATTA DJOLOF;SAGATTA DJOLOF;29;36;KHATALI;228;224;452;-
15076;LOUGA;LINGUERE;THIARGNY;BARKEDJI;18;35;KHOGUE NDAWENE;148;137;286;-
15077;LOUGA;LINGUERE;THIARGNY;BARKEDJI;47;78;KHOGUE TOBENE;283;255;538;-
4436;LOUGA;LINGUERE;DODJI;DODJI;31;43;KHOL KHOL;194;229;424;-
13326;LOUGA;LINGUERE;SAGATTA DJOLOF;SAGATTA DJOLOF;2;2;KHOUBE;6;7;13;-
8853;LOUGA;LINGUERE;MBOULA;YANG YANG;11;22;KLIF GALEYEL II;55;73;129;-
8854;LOUGA;LINGUERE;MBOULA;YANG YANG;8;8;KLIF GALLEYEL III (WOUR BEYE);27;25;52;-
8855;LOUGA;LINGUERE;MBOULA;YANG YANG;25;37;KLIF SENENE;104;95;199;-
12023;LOUGA;LINGUERE;OUARKHOH;DODJI;8;10;KLIM PEULH (KLIMBOU);44;41;85;-
15078;LOUGA;LINGUERE;THIARGNY;BARKEDJI;3;12;KODIOLELE;32;34;67;-
4437;LOUGA;LINGUERE;DODJI;DODJI;5;6;KODIOLELE I;25;29;54;-
8856;LOUGA;LINGUERE;MBOULA;YANG YANG;7;12;KODIOLELE I;27;32;59;-
8857;LOUGA;LINGUERE;MBOULA;YANG YANG;6;11;KODIOLELE II;52;71;124;-
4438;LOUGA;LINGUERE;DODJI;DODJI;3;6;KODIOLELE II (NGASSAMA);25;27;52;-
988;LOUGA;LINGUERE;BOULAL;SAGATTA DJOLOF;21;24;KOILY MBARA MAURE;83;74;157;-
989;LOUGA;LINGUERE;BOULAL;SAGATTA DJOLOF;13;17;KOILY MBARA PEULH;43;51;94;-
8858;LOUGA;LINGUERE;MBOULA;YANG YANG;14;32;KOTHIEDIE AYRE;124;99;224;-
8859;LOUGA;LINGUERE;MBOULA;YANG YANG;15;29;KOTHIEDIE MAURE;127;104;231;-
15193;LOUGA;LINGUERE;THIEL;BARKEDJI;27;32;KOUMOUCK;183;179;363;-
15194;LOUGA;LINGUERE;THIEL;BARKEDJI;6;9;KOUMOUCK KANGAL;39;63;103;-
16305;LOUGA;LINGUERE;YANG YANG;YANG YANG;5;10;KOUR KOLL;28;26;54;-
3065;LOUGA;LINGUERE;DEALI;SAGATTA DJOLOF;17;22;KOURBA;134;111;246;-
8860;LOUGA;LINGUERE;MBOULA;YANG YANG;35;51;KOYLI ALPHA;186;192;378;-
990;LOUGA;LINGUERE;BOULAL;SAGATTA DJOLOF;3;3;KOYLI PEGNA PEULH (KEUR TIEDO SIRA);8;12;21;-
991;LOUGA;LINGUERE;BOULAL;SAGATTA DJOLOF;3;6;KOYLOGNE MBAPP;15;22;37;-
992;LOUGA;LINGUERE;BOULAL;SAGATTA DJOLOF;10;13;KOYLOGNE PAMPI I;49;35;85;-
993;LOUGA;LINGUERE;BOULAL;SAGATTA DJOLOF;6;9;KOYLOGNE PAMPI II;37;27;65;-
994;LOUGA;LINGUERE;BOULAL;SAGATTA DJOLOF;2;2;LABA THIADAO II;5;5;10;-
14769;LOUGA;LINGUERE;TESSEKRE FORAGE;YANG YANG;3;5;LABARDY;27;33;61;-
14770;LOUGA;LINGUERE;TESSEKRE FORAGE;YANG YANG;7;10;LABARDY PAMPINABE;37;38;76;-
7576;LOUGA;LINGUERE;LABGAR;DODJI;68;80;LABGAR MAURE;278;295;574;-
7577;LOUGA;LINGUERE;LABGAR;DODJI;113;130;LABGAR OUOLOF I;496;524;1020;-
7578;LOUGA;LINGUERE;LABGAR;DODJI;9;11;LABGAR THIANOR;45;56;102;-
15079;LOUGA;LINGUERE;THIARGNY;BARKEDJI;7;12;LEPPO LATHIE;44;38;83;-
20;LOUGA;LINGUERE;AFFE DJOLOFF;SAGATTA DJOLOF;15;20;LEW YEDDI;67;72;139;-
15080;LOUGA;LINGUERE;THIARGNY;BARKEDJI;24;27;LINDE MOURIDE;145;136;282;-
15081;LOUGA;LINGUERE;THIARGNY;BARKEDJI;8;11;LINDE NDIALALE;51;54;106;-
15082;LOUGA;LINGUERE;THIARGNY;BARKEDJI;10;33;LINDE NDIALALE (VELINGARA);85;99;185;-
15082;LOUGA;LINGUERE;THIARGNY;BARKEDJI;10;33;LINDE NDIALALE (VELINGARA);85;99;185;-
15083;LOUGA;LINGUERE;THIARGNY;BARKEDJI;26;48;LINDE NDIANGAL (WENDOU DIOYE);176;148;325;-
15084;LOUGA;LINGUERE;THIARGNY;BARKEDJI;3;7;LINDE TIDIANE I (LINDE TIDIANE PEULH);29;28;57;-
15085;LOUGA;LINGUERE;THIARGNY;BARKEDJI;54;81;LINDE TIDIANE II;265;302;567;-
1858;LOUGA;LINGUERE;COM. LINGUERE;COM. LINGUERE;372;453;LINGUERE COUMBA;1930;2088;4019;-
1859;LOUGA;LINGUERE;COM. LINGUERE;COM. LINGUERE;215;246;LINGUERE NDIAMBOUR;928;995;1923;-
14941;LOUGA;LINGUERE;THIAMENE DJOLOF;SAGATTA DJOLOF;7;9;LODODJIE;28;35;64;-
14941;LOUGA;LINGUERE;THIAMENE DJOLOF;SAGATTA DJOLOF;7;9;LODODJIE;28;35;64;-
15086;LOUGA;LINGUERE;THIARGNY;BARKEDJI;32;46;LOL LOL I;136;145;282;-
15087;LOUGA;LINGUERE;THIARGNY;BARKEDJI;27;37;LOL LOL II;123;121;244;-
13327;LOUGA;LINGUERE;SAGATTA DJOLOF;SAGATTA DJOLOF;12;14;LONCANE OUOLOF;71;106;177;-
13328;LOUGA;LINGUERE;SAGATTA DJOLOF;SAGATTA DJOLOF;12;15;LONCANE PANAL;61;56;117;-
995;LOUGA;LINGUERE;BOULAL;SAGATTA DJOLOF;7;11;LOULENE PAMPI;37;35;73;-
1472;LOUGA;LINGUERE;COM. DAHRA;COM. DAHRA;629;703;LOUMBAL (NGUENENE);3090;3216;6306;-
4439;LOUGA;LINGUERE;DODJI;DODJI;0;0;LOUMBAL KADJI;0;0;0;Non habité
996;LOUGA;LINGUERE;BOULAL;SAGATTA DJOLOF;23;41;LOUMBAL KORAL;103;106;209;-
4440;LOUGA;LINGUERE;DODJI;DODJI;2;4;LOUMBAL MALI;11;10;22;-
4441;LOUGA;LINGUERE;DODJI;DODJI;7;24;LOUMBAL NDAMA;41;64;105;-
14942;LOUGA;LINGUERE;THIAMENE DJOLOF;SAGATTA DJOLOF;90;103;LOUMBAL OUOLOF;543;559;1103;-
13329;LOUGA;LINGUERE;SAGATTA DJOLOF;SAGATTA DJOLOF;5;8;LOUMBE BODE BISSINABE;36;32;69;-
572;LOUGA;LINGUERE;BARKEDJI;BARKEDJI;31;50;LOUMBEL LANA;202;223;425;-
573;LOUGA;LINGUERE;BARKEDJI;BARKEDJI;8;10;LOUMBEL MBADA;43;52;95;-
574;LOUGA;LINGUERE;BARKEDJI;BARKEDJI;12;16;LOUMBEL MBADA II;74;49;124;-
12024;LOUGA;LINGUERE;OUARKHOH;DODJI;0;0;LOUMBI AIRANKOBE (FORAGE II );0;0;0;Pas de population (DR 0017 attention village avec 10 concessions)
12025;LOUGA;LINGUERE;OUARKHOH;DODJI;15;28;LOUMBI RUBISSENE (FORAGE I);102;85;187;-
12026;LOUGA;LINGUERE;OUARKHOH;DODJI;8;11;LOUMBI THIANOR;37;37;75;-
15195;LOUGA;LINGUERE;THIEL;BARKEDJI;20;25;LOUMBOL ARDO;127;130;257;-
7579;LOUGA;LINGUERE;LABGAR;DODJI;9;25;LOUMBOL DJIBY I;76;76;153;-
7580;LOUGA;LINGUERE;LABGAR;DODJI;8;17;LOUMBOL DJIBY II;42;59;102;-
7581;LOUGA;LINGUERE;LABGAR;DODJI;24;37;LOUMBOL DJIBY III;145;126;271;-
997;LOUGA;LINGUERE;BOULAL;SAGATTA DJOLOF;12;15;LOUMBOL DOCKY;49;58;108;-
15088;LOUGA;LINGUERE;THIARGNY;BARKEDJI;2;5;LOUMBOL DOUTAL;23;16;39;-
14771;LOUGA;LINGUERE;TESSEKRE FORAGE;YANG YANG;4;9;LOUMBOL GALELE;55;43;98;-
14772;LOUGA;LINGUERE;TESSEKRE FORAGE;YANG YANG;5;5;LOUMBOL GAWDY BALDIOLI;27;23;50;-
14773;LOUGA;LINGUERE;TESSEKRE FORAGE;YANG YANG;10;23;LOUMBOL GAWDY SENO;63;94;157;-
14774;LOUGA;LINGUERE;TESSEKRE FORAGE;YANG YANG;8;8;LOUMBOL GAWDY SENO II;51;48;99;-
7582;LOUGA;LINGUERE;LABGAR;DODJI;11;16;LOUMBOL KOTY;67;73;141;-
15196;LOUGA;LINGUERE;THIEL;BARKEDJI;14;21;LOUMBOL KOYLI;78;68;147;-
21;LOUGA;LINGUERE;AFFE DJOLOFF;SAGATTA DJOLOF;3;3;LOUMBOL NIAO;18;16;35;-
4442;LOUGA;LINGUERE;DODJI;DODJI;31;52;LOUMBOL PADALDY;141;143;284;-
7583;LOUGA;LINGUERE;LABGAR;DODJI;5;5;LOUMBOL THIOLY;30;26;56;-
7584;LOUGA;LINGUERE;LABGAR;DODJI;12;20;LOUMBY AIRANCOBE;68;75;144;-
8861;LOUGA;LINGUERE;MBOULA;YANG YANG;4;11;LOUMBY ARABOBE;41;36;77;-
7585;LOUGA;LINGUERE;LABGAR;DODJI;21;28;LOUMBY BOULOUMBY;149;119;269;-
575;LOUGA;LINGUERE;BARKEDJI;BARKEDJI;5;8;LOUMBY DEMBA NGAR;41;32;73;-
8862;LOUGA;LINGUERE;MBOULA;YANG YANG;11;35;LOUMBY DIATBE;99;124;224;-
576;LOUGA;LINGUERE;BARKEDJI;BARKEDJI;24;44;LOUMBY DOBE;205;235;441;-
14943;LOUGA;LINGUERE;THIAMENE DJOLOF;SAGATTA DJOLOF;30;36;LOUMBY GAOUDY OUSMANE;156;157;314;-
7586;LOUGA;LINGUERE;LABGAR;DODJI;12;14;LOUMBY GNIYE;46;58;105;-
15089;LOUGA;LINGUERE;THIARGNY;BARKEDJI;24;31;LOUMBY KEBE;124;102;226;-
577;LOUGA;LINGUERE;BARKEDJI;BARKEDJI;27;36;LOUMBY KOYLE;159;133;293;-
7587;LOUGA;LINGUERE;LABGAR;DODJI;9;14;LOUMBY MBAREDJI (LOUMBOL ERY);45;68;113;-
7588;LOUGA;LINGUERE;LABGAR;DODJI;7;12;LOUMBY NGUIDO;50;51;102;-
578;LOUGA;LINGUERE;BARKEDJI;BARKEDJI;18;23;LOUMBY OUROURBE;85;87;172;-
4443;LOUGA;LINGUERE;DODJI;DODJI;3;6;LOUMBY SAMBA PENDA;18;27;46;-
8863;LOUGA;LINGUERE;MBOULA;YANG YANG;7;15;LOUMBY SENERABE;47;58;106;-
15090;LOUGA;LINGUERE;THIARGNY;BARKEDJI;9;12;LOUMBY TENDOU I;25;27;52;-
15091;LOUGA;LINGUERE;THIARGNY;BARKEDJI;19;31;LOUMBY TENDOU II;119;97;217;-
3066;LOUGA;LINGUERE;DEALI;SAGATTA DJOLOF;5;7;LOUMBY WAWALDE ECOLE;61;53;114;-
3067;LOUGA;LINGUERE;DEALI;SAGATTA DJOLOF;4;7;LOUMBY WAWALDE PEULH;32;32;65;-
3068;LOUGA;LINGUERE;DEALI;SAGATTA DJOLOF;17;26;LOUMBY WAWALDE SERERE;187;184;371;-
14775;LOUGA;LINGUERE;TESSEKRE FORAGE;YANG YANG;17;40;LOUMBY WORE;132;137;270;-
7589;LOUGA;LINGUERE;LABGAR;DODJI;17;37;LOUMBY YERO SAMBA;145;123;268;-
6071;LOUGA;LINGUERE;KAMB;YANG YANG;26;42;LOUYE OUOLOF;154;156;311;-
6072;LOUGA;LINGUERE;KAMB;YANG YANG;8;16;LOUYE PEULH;49;59;109;-
13330;LOUGA;LINGUERE;SAGATTA DJOLOF;SAGATTA DJOLOF;10;10;MADENE;56;51;108;-
6073;LOUGA;LINGUERE;KAMB;YANG YANG;26;33;MALEME (LEGNE);116;122;238;-
3069;LOUGA;LINGUERE;DEALI;SAGATTA DJOLOF;1;2;MAMOLLE OUOLOF;8;7;15;-
3070;LOUGA;LINGUERE;DEALI;SAGATTA DJOLOF;10;10;MAMOLLE PEULH;50;48;98;-
15092;LOUGA;LINGUERE;THIARGNY;BARKEDJI;16;24;MARO;84;90;174;-
15093;LOUGA;LINGUERE;THIARGNY;BARKEDJI;1;5;MARO MARO;14;15;30;-
579;LOUGA;LINGUERE;BARKEDJI;BARKEDJI;25;26;MAUGRE;125;130;255;-
580;LOUGA;LINGUERE;BARKEDJI;BARKEDJI;27;47;MAYELLE GAGNOULENE;116;119;236;-
14944;LOUGA;LINGUERE;THIAMENE DJOLOF;SAGATTA DJOLOF;15;18;MBACKE BARRY;95;62;157;-
13331;LOUGA;LINGUERE;SAGATTA DJOLOF;SAGATTA DJOLOF;77;84;MBACKE DJOLOFF;428;529;957;-
12027;LOUGA;LINGUERE;OUARKHOH;DODJI;20;32;MBADIENE;153;159;313;-
6074;LOUGA;LINGUERE;KAMB;YANG YANG;1;5;MBADIENE OUOLOF;22;13;35;-
6075;LOUGA;LINGUERE;KAMB;YANG YANG;5;15;MBADIENE PEULH;44;29;73;-
15094;LOUGA;LINGUERE;THIARGNY;BARKEDJI;14;16;MBANANE OUROUR;67;81;148;-
15197;LOUGA;LINGUERE;THIEL;BARKEDJI;7;10;MBAPEDJI;39;39;79;-
15198;LOUGA;LINGUERE;THIEL;BARKEDJI;41;74;MBATHIOR (DOLY);293;276;570;-
8864;LOUGA;LINGUERE;MBOULA;YANG YANG;54;75;MBAYE AWA ET KOTHIEDIE KOUDARY;310;332;643;-
12028;LOUGA;LINGUERE;OUARKHOH;DODJI;6;8;MBAYE TALLY;31;35;67;-
14945;LOUGA;LINGUERE;THIAMENE DJOLOF;SAGATTA DJOLOF;44;57;MBAYENE GOUYE TEUDE;243;201;444;-
6076;LOUGA;LINGUERE;KAMB;YANG YANG;48;81;MBAYENE THIASDE;374;347;722;-
3071;LOUGA;LINGUERE;DEALI;SAGATTA DJOLOF;3;6;MBAYLO BARKEDJI;32;36;69;-
3071;LOUGA;LINGUERE;DEALI;SAGATTA DJOLOF;3;6;MBAYLO BARKEDJI;32;36;69;-
581;LOUGA;LINGUERE;BARKEDJI;BARKEDJI;12;18;MBELKADJI;59;76;136;-
8865;LOUGA;LINGUERE;MBOULA;YANG YANG;7;9;MBELOGNE BOULBY;28;21;49;-
14776;LOUGA;LINGUERE;TESSEKRE FORAGE;YANG YANG;12;17;MBELOGNE NIKINE (BELEL NIKEL);67;51;118;-
6077;LOUGA;LINGUERE;KAMB;YANG YANG;13;23;MBETHIO DIAOBE;54;70;125;-
6078;LOUGA;LINGUERE;KAMB;YANG YANG;4;10;MBETHIO II;27;30;57;-
6079;LOUGA;LINGUERE;KAMB;YANG YANG;11;24;MBETHIO OURO SENO;62;49;111;-
6080;LOUGA;LINGUERE;KAMB;YANG YANG;8;20;MBETHIO PEULH;66;54;121;-
6081;LOUGA;LINGUERE;KAMB;YANG YANG;31;52;MBEYENE BISNABE;131;132;264;-
8866;LOUGA;LINGUERE;MBOULA;YANG YANG;3;9;MBEYENE BISSIRNABE I;24;19;44;-
8867;LOUGA;LINGUERE;MBOULA;YANG YANG;3;3;MBEYENE BISSIRNABE II;10;10;21;-
8868;LOUGA;LINGUERE;MBOULA;YANG YANG;26;26;MBEYENE OUOLOF;169;139;309;-
14946;LOUGA;LINGUERE;THIAMENE DJOLOF;SAGATTA DJOLOF;12;16;MBITHIE THIANOR;54;62;116;-
582;LOUGA;LINGUERE;BARKEDJI;BARKEDJI;34;36;MBOUL DJOLOFF;122;71;193;-
12029;LOUGA;LINGUERE;OUARKHOH;DODJI;9;10;MBOUL I;44;30;74;-
8869;LOUGA;LINGUERE;MBOULA;YANG YANG;105;121;MBOULA;558;569;1128;-
3072;LOUGA;LINGUERE;DEALI;SAGATTA DJOLOF;5;5;MBOUNDOU MBOCKY;22;16;38;-
14947;LOUGA;LINGUERE;THIAMENE DJOLOF;SAGATTA DJOLOF;7;12;MBOUSSOBE HALTE;39;52;92;-
14948;LOUGA;LINGUERE;THIAMENE DJOLOF;SAGATTA DJOLOF;50;64;MBOUSSOBE OUOLOF;278;249;528;-
14949;LOUGA;LINGUERE;THIAMENE DJOLOF;SAGATTA DJOLOF;13;24;MBOUSSOBE PEULH;71;64;135;-
8870;LOUGA;LINGUERE;MBOULA;YANG YANG;28;44;MBOYNANE;159;152;312;-
8871;LOUGA;LINGUERE;MBOULA;YANG YANG;7;9;MEDINA ALPHA;24;19;44;-
22;LOUGA;LINGUERE;AFFE DJOLOFF;SAGATTA DJOLOF;11;40;MEDINA BAMGOL;115;97;213;-
12030;LOUGA;LINGUERE;OUARKHOH;DODJI;32;41;MEDINA DIALI (SINENE);229;209;438;-
5185;LOUGA;LINGUERE;GASSANE;BARKEDJI;19;26;MEDINA FALL (GADIALY);145;137;282;-
14950;LOUGA;LINGUERE;THIAMENE DJOLOF;SAGATTA DJOLOF;18;18;MEDINA NDIAYE (LOUMBAL);81;94;175;-
14951;LOUGA;LINGUERE;THIAMENE DJOLOF;SAGATTA DJOLOF;1;1;MEDINA NDIAYE NDIAMA;6;5;11;-
14951;LOUGA;LINGUERE;THIAMENE DJOLOF;SAGATTA DJOLOF;1;1;MEDINA NDIAYE NDIAMA;6;5;11;-
1473;LOUGA;LINGUERE;COM. DAHRA;COM. DAHRA;574;625;MEDINA NDIAYENE;2106;2181;4288;-
5186;LOUGA;LINGUERE;GASSANE;BARKEDJI;32;42;MEDINA NGUEYENE;304;289;593;-
14777;LOUGA;LINGUERE;TESSEKRE FORAGE;YANG YANG;9;14;MEDINA RANDE;39;50;90;-
14952;LOUGA;LINGUERE;THIAMENE DJOLOF;SAGATTA DJOLOF;15;30;MEDINA SY;174;163;337;-
14953;LOUGA;LINGUERE;THIAMENE DJOLOF;SAGATTA DJOLOF;163;199;MELAKH;1138;1080;2219;-
6082;LOUGA;LINGUERE;KAMB;YANG YANG;1;3;MERINA GOULOUM;10;4;14;-
4444;LOUGA;LINGUERE;DODJI;DODJI;47;109;MERINA KHOL KHOL;486;513;999;-
4445;LOUGA;LINGUERE;DODJI;DODJI;14;16;MERINA NDOKHOBE;78;67;146;-
1953;LOUGA;LINGUERE;COM. MBEULEUKHE;COM. MBEULEUKHE;17;18;MEVEL POKHO;70;109;179;-
16306;LOUGA;LINGUERE;YANG YANG;YANG YANG;8;14;MEVELLE DIALLOUBE;49;42;91;-
16307;LOUGA;LINGUERE;YANG YANG;YANG YANG;5;7;MEVELLE MBATHIOR;28;30;58;-
16308;LOUGA;LINGUERE;YANG YANG;YANG YANG;12;16;MEVELLE OUOLOF;109;96;206;-
16309;LOUGA;LINGUERE;YANG YANG;YANG YANG;44;78;MEVELLE PEULH;279;288;568;-
16310;LOUGA;LINGUERE;YANG YANG;YANG YANG;6;10;MEVELLE THIANO;33;41;74;-
15199;LOUGA;LINGUERE;THIEL;BARKEDJI;18;26;MOLA I;142;137;279;-
15200;LOUGA;LINGUERE;THIEL;BARKEDJI;2;4;MOLA II;18;25;44;-
6083;LOUGA;LINGUERE;KAMB;YANG YANG;17;35;MOUYE;90;102;192;-
15095;LOUGA;LINGUERE;THIARGNY;BARKEDJI;9;12;NAIDE;28;42;70;-
3073;LOUGA;LINGUERE;DEALI;SAGATTA DJOLOF;8;11;NAIDE  BORTY;49;34;84;-
6084;LOUGA;LINGUERE;KAMB;YANG YANG;13;21;NAWEL OUROURBE;53;58;112;-
6085;LOUGA;LINGUERE;KAMB;YANG YANG;1;1;NAWEL THIANOR;3;5;8;-
12031;LOUGA;LINGUERE;OUARKHOH;DODJI;10;17;NDADANE RUBISSENE;83;77;161;-
16311;LOUGA;LINGUERE;YANG YANG;YANG YANG;20;34;NDALLA AIRANCOBE;98;83;182;-
16312;LOUGA;LINGUERE;YANG YANG;YANG YANG;7;24;NDALLA HAMADY;63;65;128;-
14954;LOUGA;LINGUERE;THIAMENE DJOLOF;SAGATTA DJOLOF;50;60;NDAMA OUOLOF;263;271;534;-
14955;LOUGA;LINGUERE;THIAMENE DJOLOF;SAGATTA DJOLOF;8;8;NDAMA PEULH;36;36;73;-
998;LOUGA;LINGUERE;BOULAL;SAGATTA DJOLOF;38;61;NDANDIAME BISSINABE I;150;194;345;-
999;LOUGA;LINGUERE;BOULAL;SAGATTA DJOLOF;13;27;NDANDIAME BISSINABE II (WOUROU AYMEDOU);119;123;243;-
1000;LOUGA;LINGUERE;BOULAL;SAGATTA DJOLOF;10;13;NDANDIAME MAURE;69;51;121;-
12032;LOUGA;LINGUERE;OUARKHOH;DODJI;8;10;NDARNDECK GANDOUCK;42;45;87;-
12033;LOUGA;LINGUERE;OUARKHOH;DODJI;9;15;NDARNDECK I;61;52;113;-
12034;LOUGA;LINGUERE;OUARKHOH;DODJI;12;20;NDARNDECK II;74;68;143;-
13332;LOUGA;LINGUERE;SAGATTA DJOLOF;SAGATTA DJOLOF;8;8;NDEMENE KAW;67;35;103;-
13333;LOUGA;LINGUERE;SAGATTA DJOLOF;SAGATTA DJOLOF;4;4;NDEMENE SIWOL;25;36;62;-
12035;LOUGA;LINGUERE;OUARKHOH;DODJI;10;13;NDIA MOURIDE;67;66;133;-
12036;LOUGA;LINGUERE;OUARKHOH;DODJI;5;9;NDIA NGONDIAL;49;35;85;-
3074;LOUGA;LINGUERE;DEALI;SAGATTA DJOLOF;16;17;NDIA SAM;88;68;157;-
3075;LOUGA;LINGUERE;DEALI;SAGATTA DJOLOF;10;27;NDIABANY;108;93;202;-
12037;LOUGA;LINGUERE;OUARKHOH;DODJI;6;9;NDIAKHAYE OUOLOF;52;39;92;-
12038;LOUGA;LINGUERE;OUARKHOH;DODJI;13;16;NDIAKHAYE PEULH;77;70;148;-
14956;LOUGA;LINGUERE;THIAMENE DJOLOF;SAGATTA DJOLOF;14;18;NDIAMA CONCESSION;84;89;173;-
14956;LOUGA;LINGUERE;THIAMENE DJOLOF;SAGATTA DJOLOF;14;18;NDIAMA CONCESSION;84;89;173;-
14957;LOUGA;LINGUERE;THIAMENE DJOLOF;SAGATTA DJOLOF;23;26;NDIAMBOR;101;83;184;-
1954;LOUGA;LINGUERE;COM. MBEULEUKHE;COM. MBEULEUKHE;60;63;NDIAME;246;257;504;-
15201;LOUGA;LINGUERE;THIEL;BARKEDJI;5;5;NDIAME NDIENGAL;14;23;37;-
16313;LOUGA;LINGUERE;YANG YANG;YANG YANG;13;15;NDIANE;70;78;149;-
1001;LOUGA;LINGUERE;BOULAL;SAGATTA DJOLOF;31;44;NDIAO DIEWAL;157;141;298;-
3076;LOUGA;LINGUERE;DEALI;SAGATTA DJOLOF;27;30;NDIAPABA MBAPP I;132;108;241;-
3077;LOUGA;LINGUERE;DEALI;SAGATTA DJOLOF;10;12;NDIAPABA MBAPP II;58;37;96;-
6086;LOUGA;LINGUERE;KAMB;YANG YANG;26;52;NDIARNO OUOLOF;142;159;302;-
15202;LOUGA;LINGUERE;THIEL;BARKEDJI;6;6;NDIARY DIOFFA;58;59;118;-
3078;LOUGA;LINGUERE;DEALI;SAGATTA DJOLOF;15;24;NDIATBY NDIALLA;102;112;214;-
14958;LOUGA;LINGUERE;THIAMENE DJOLOF;SAGATTA DJOLOF;5;5;NDIAWENE;29;29;58;-
1860;LOUGA;LINGUERE;COM. LINGUERE;COM. LINGUERE;177;197;NDIAYENE;950;898;1848;-
12039;LOUGA;LINGUERE;OUARKHOH;DODJI;11;16;NDIAYENE KHALY;116;117;234;-
16314;LOUGA;LINGUERE;YANG YANG;YANG YANG;4;9;NDIAYENE SABOUR I;13;18;32;-
16315;LOUGA;LINGUERE;YANG YANG;YANG YANG;15;27;NDIAYENE SABOUR II;57;49;107;-
13334;LOUGA;LINGUERE;SAGATTA DJOLOF;SAGATTA DJOLOF;45;49;NDIAYENE SAPENDA;267;271;538;-
14959;LOUGA;LINGUERE;THIAMENE DJOLOF;SAGATTA DJOLOF;31;42;NDIEYENE;212;209;422;-
3079;LOUGA;LINGUERE;DEALI;SAGATTA DJOLOF;44;45;NDIGUEUL;206;161;367;-
583;LOUGA;LINGUERE;BARKEDJI;BARKEDJI;1;1;NDILLA ECOLE (NDILLA I);6;9;15;-
584;LOUGA;LINGUERE;BARKEDJI;BARKEDJI;26;32;NDILLA PEULH I;145;132;278;-
585;LOUGA;LINGUERE;BARKEDJI;BARKEDJI;37;37;NDILLA PEULH III;156;158;315;-
5187;LOUGA;LINGUERE;GASSANE;BARKEDJI;42;58;NDINDY I (FIDIOBALY);315;330;646;-
14960;LOUGA;LINGUERE;THIAMENE DJOLOF;SAGATTA DJOLOF;2;3;NDIOSSY MAURE;10;9;19;-
14961;LOUGA;LINGUERE;THIAMENE DJOLOF;SAGATTA DJOLOF;63;87;NDIOSSY OUOLOF;462;499;962;-
1002;LOUGA;LINGUERE;BOULAL;SAGATTA DJOLOF;17;26;NDIOUGOU PEULH;113;110;224;-
6087;LOUGA;LINGUERE;KAMB;YANG YANG;2;4;NDIPA;14;10;25;-
3080;LOUGA;LINGUERE;DEALI;SAGATTA DJOLOF;4;4;NDONY PEULH;16;15;32;-
6088;LOUGA;LINGUERE;KAMB;YANG YANG;50;98;NDOTHIE;454;405;859;-
13335;LOUGA;LINGUERE;SAGATTA DJOLOF;SAGATTA DJOLOF;38;38;NDRAME;212;212;425;-
8872;LOUGA;LINGUERE;MBOULA;YANG YANG;7;7;NEGUE BISSIRNABE;24;18;43;-
8873;LOUGA;LINGUERE;MBOULA;YANG YANG;23;31;NEGUE OUOLOF;144;149;293;-
586;LOUGA;LINGUERE;BARKEDJI;BARKEDJI;6;8;NEKO;35;39;75;-
1003;LOUGA;LINGUERE;BOULAL;SAGATTA DJOLOF;6;11;NELBY I;25;28;53;-
587;LOUGA;LINGUERE;BARKEDJI;BARKEDJI;23;23;NGAO GAGNOULENE;106;96;203;-
588;LOUGA;LINGUERE;BARKEDJI;BARKEDJI;7;12;NGAO KOYLY;41;39;81;-
14962;LOUGA;LINGUERE;THIAMENE DJOLOF;SAGATTA DJOLOF;28;35;NGAPP;246;238;485;-
12040;LOUGA;LINGUERE;OUARKHOH;DODJI;24;30;NGARAFF;155;145;301;-
13336;LOUGA;LINGUERE;SAGATTA DJOLOF;SAGATTA DJOLOF;12;26;NGASSAMA PANAL;115;108;224;-
13337;LOUGA;LINGUERE;SAGATTA DJOLOF;SAGATTA DJOLOF;7;12;NGASSAMA THIANOR;39;43;83;-
3081;LOUGA;LINGUERE;DEALI;SAGATTA DJOLOF;4;4;NGATEL;24;17;42;-
12041;LOUGA;LINGUERE;OUARKHOH;DODJI;15;17;NGAYENE;97;89;187;-
14778;LOUGA;LINGUERE;TESSEKRE FORAGE;YANG YANG;31;33;NGOLKA DIABY I;102;118;221;-
14779;LOUGA;LINGUERE;TESSEKRE FORAGE;YANG YANG;3;11;NGOLKA DIABY II;52;42;94;-
14780;LOUGA;LINGUERE;TESSEKRE FORAGE;YANG YANG;3;6;NGOLKA PAMPINABE;16;16;33;-
6089;LOUGA;LINGUERE;KAMB;YANG YANG;10;13;NGOLO ALY;33;36;70;-
6090;LOUGA;LINGUERE;KAMB;YANG YANG;10;16;NGOLO DIABA;52;53;106;-
6091;LOUGA;LINGUERE;KAMB;YANG YANG;5;13;NGOLO IBRAHIMA;44;25;69;-
6092;LOUGA;LINGUERE;KAMB;YANG YANG;15;15;NGOLO MBELOGNE I;29;38;68;-
6093;LOUGA;LINGUERE;KAMB;YANG YANG;8;8;NGOLO MBELOGNE II;21;21;42;-
1474;LOUGA;LINGUERE;COM. DAHRA;COM. DAHRA;436;472;NGOM DAHRA;1993;1802;3795;-
3082;LOUGA;LINGUERE;DEALI;SAGATTA DJOLOF;29;48;NGOUILLE SYPETTE;156;168;325;-
12042;LOUGA;LINGUERE;OUARKHOH;DODJI;10;16;NGOUROU;44;63;107;-
16316;LOUGA;LINGUERE;YANG YANG;YANG YANG;36;42;NGOUYE DIERY;225;218;444;-
16317;LOUGA;LINGUERE;YANG YANG;YANG YANG;7;8;NGOUYE DIERY PEULH;35;38;74;-
3083;LOUGA;LINGUERE;DEALI;SAGATTA DJOLOF;16;21;NGOYE DJIOLOF I (DEWOKOYE);109;72;182;-
3084;LOUGA;LINGUERE;DEALI;SAGATTA DJOLOF;13;24;NGOYE II;105;89;194;-
5188;LOUGA;LINGUERE;GASSANE;BARKEDJI;22;25;NGUELOBA I;83;74;157;-
5189;LOUGA;LINGUERE;GASSANE;BARKEDJI;14;17;NGUELOBA II;74;67;142;-
15203;LOUGA;LINGUERE;THIEL;BARKEDJI;4;4;NGUER;27;31;58;-
16318;LOUGA;LINGUERE;YANG YANG;YANG YANG;1;1;NGUER FORAGE;7;3;10;-
16319;LOUGA;LINGUERE;YANG YANG;YANG YANG;2;10;NGUER THIASKY;34;27;62;-
16320;LOUGA;LINGUERE;YANG YANG;YANG YANG;15;20;NGUER WENDOU;119;104;224;-
14963;LOUGA;LINGUERE;THIAMENE DJOLOF;SAGATTA DJOLOF;95;115;NGUETTE;570;645;1215;-
3085;LOUGA;LINGUERE;DEALI;SAGATTA DJOLOF;58;72;NGUILO PEULH;342;262;604;-
12043;LOUGA;LINGUERE;OUARKHOH;DODJI;111;132;NGUITH;675;716;1391;-
589;LOUGA;LINGUERE;BARKEDJI;BARKEDJI;6;11;NIAKHA PEULH I;49;55;105;-
590;LOUGA;LINGUERE;BARKEDJI;BARKEDJI;3;5;NIAKHA PEULH II;23;22;45;-
6094;LOUGA;LINGUERE;KAMB;YANG YANG;9;25;NIAMINA PEULH;59;68;128;-
6095;LOUGA;LINGUERE;KAMB;YANG YANG;2;8;NIAMINA TOURE (NIAMINA FORAGE);16;13;30;-
14964;LOUGA;LINGUERE;THIAMENE DJOLOF;SAGATTA DJOLOF;32;37;NIANDOUL;223;248;471;-
23;LOUGA;LINGUERE;AFFE DJOLOFF;SAGATTA DJOLOF;2;13;NIANTANG;46;51;97;-
1475;LOUGA;LINGUERE;COM. DAHRA;COM. DAHRA;177;191;NIATY WAGON;676;737;1414;-
3086;LOUGA;LINGUERE;DEALI;SAGATTA DJOLOF;30;38;NIAYE PEULH;180;107;287;-
3087;LOUGA;LINGUERE;DEALI;SAGATTA DJOLOF;20;27;NIBODJI;334;124;459;-
15096;LOUGA;LINGUERE;THIARGNY;BARKEDJI;62;96;NIERY;364;324;688;-
24;LOUGA;LINGUERE;AFFE DJOLOFF;SAGATTA DJOLOF;21;42;NIOKHORLOU;138;144;283;-
12044;LOUGA;LINGUERE;OUARKHOH;DODJI;10;15;NIOKHOUL I;62;72;134;-
12045;LOUGA;LINGUERE;OUARKHOH;DODJI;11;17;NIOKHOUL II;63;66;129;-
12046;LOUGA;LINGUERE;OUARKHOH;DODJI;27;47;NIOKHOUL KAW;165;189;355;-
14781;LOUGA;LINGUERE;TESSEKRE FORAGE;YANG YANG;0;0;NOUWEDOU;0;0;0;Non habité
15204;LOUGA;LINGUERE;THIEL;BARKEDJI;27;41;ODIOLDE THIEL;178;165;344;-
14965;LOUGA;LINGUERE;THIAMENE DJOLOF;SAGATTA DJOLOF;4;6;OFFROU NDAMALA;22;23;45;-
15205;LOUGA;LINGUERE;THIEL;BARKEDJI;13;14;OGO DOLY;65;52;117;-
15206;LOUGA;LINGUERE;THIEL;BARKEDJI;16;18;OGO LAITIK;79;94;174;-
5190;LOUGA;LINGUERE;GASSANE;BARKEDJI;31;40;OLDOU (TOUBA OLDOU);262;205;467;-
15097;LOUGA;LINGUERE;THIARGNY;BARKEDJI;6;14;ONDOU GUELADIO;44;45;89;-
15098;LOUGA;LINGUERE;THIARGNY;BARKEDJI;3;8;ONDOU GUELY;25;23;48;-
12047;LOUGA;LINGUERE;OUARKHOH;DODJI;1;4;OUARKHOKH DETHIE (POURDY GUENTH);14;15;30;-
12048;LOUGA;LINGUERE;OUARKHOH;DODJI;73;85;OUARKHOKH NARE;372;451;824;-
12049;LOUGA;LINGUERE;OUARKHOH;DODJI;127;167;OUARKHOKH PARBA;679;625;1305;-
4446;LOUGA;LINGUERE;DODJI;DODJI;9;17;OURO SENO I;38;39;78;-
4447;LOUGA;LINGUERE;DODJI;DODJI;6;10;OURO SENO II;16;6;23;-
4448;LOUGA;LINGUERE;DODJI;DODJI;1;3;OURO SENO III;3;0;3;-
15099;LOUGA;LINGUERE;THIARGNY;BARKEDJI;29;41;OWANDOU II;127;122;249;-
15207;LOUGA;LINGUERE;THIEL;BARKEDJI;0;0;OWANDOU THIEL;0;0;0;Non habité
13338;LOUGA;LINGUERE;SAGATTA DJOLOF;SAGATTA DJOLOF;2;2;PAKOUR;8;12;21;-
4449;LOUGA;LINGUERE;DODJI;DODJI;10;18;PALOL DIARAL;62;51;113;-
4450;LOUGA;LINGUERE;DODJI;DODJI;8;13;PALOL WODABE;47;51;98;-
14966;LOUGA;LINGUERE;THIAMENE DJOLOF;SAGATTA DJOLOF;2;3;PAMPI NDALLA;7;8;15;-
14967;LOUGA;LINGUERE;THIAMENE DJOLOF;SAGATTA DJOLOF;34;50;PAMPI OUOLOF;209;207;416;-
14968;LOUGA;LINGUERE;THIAMENE DJOLOF;SAGATTA DJOLOF;11;16;PAMPI PANAL;66;71;137;-
13339;LOUGA;LINGUERE;SAGATTA DJOLOF;SAGATTA DJOLOF;4;4;PANAL OUOLOF;16;18;35;-
14969;LOUGA;LINGUERE;THIAMENE DJOLOF;SAGATTA DJOLOF;37;42;PASSE;154;174;329;-
1476;LOUGA;LINGUERE;COM. DAHRA;COM. DAHRA;255;292;PASSE DAHRA;1365;1372;2737;-
15208;LOUGA;LINGUERE;THIEL;BARKEDJI;37;60;PATACOUR;201;179;381;-
591;LOUGA;LINGUERE;BARKEDJI;BARKEDJI;8;17;PATHE BOROU;50;59;110;-
1004;LOUGA;LINGUERE;BOULAL;SAGATTA DJOLOF;37;53;PATOUDE;225;211;436;-
12050;LOUGA;LINGUERE;OUARKHOH;DODJI;0;0;PAWEL;0;0;0;Non habité
1005;LOUGA;LINGUERE;BOULAL;SAGATTA DJOLOF;15;26;PETEL (GUELY BOULAL);85;78;164;-
13340;LOUGA;LINGUERE;SAGATTA DJOLOF;SAGATTA DJOLOF;3;3;PEYE BAKHAL;17;12;30;-
1955;LOUGA;LINGUERE;COM. MBEULEUKHE;COM. MBEULEUKHE;40;46;POKHO;282;274;557;-
4451;LOUGA;LINGUERE;DODJI;DODJI;22;44;PORANE LATHIE I;135;172;308;-
4452;LOUGA;LINGUERE;DODJI;DODJI;6;18;PORANE LATHIE II;55;48;104;-
4453;LOUGA;LINGUERE;DODJI;DODJI;2;4;PORANE OUOLOF;7;11;18;-
4454;LOUGA;LINGUERE;DODJI;DODJI;12;25;PORANE PEULH II;68;48;116;-
4455;LOUGA;LINGUERE;DODJI;DODJI;3;6;PORANE PEULH III;16;19;36;-
4456;LOUGA;LINGUERE;DODJI;DODJI;13;22;PORANE THIANOR;59;63;123;-
12051;LOUGA;LINGUERE;OUARKHOH;DODJI;32;53;POURDY;171;163;334;-
14782;LOUGA;LINGUERE;TESSEKRE FORAGE;YANG YANG;11;25;RANDE;61;57;118;-
6096;LOUGA;LINGUERE;KAMB;YANG YANG;14;27;ROTO ERY;87;74;162;-
6097;LOUGA;LINGUERE;KAMB;YANG YANG;8;24;ROTO I;55;50;106;-
15100;LOUGA;LINGUERE;THIARGNY;BARKEDJI;18;31;ROUMDE THIARGNY;139;153;293;-
13341;LOUGA;LINGUERE;SAGATTA DJOLOF;SAGATTA DJOLOF;115;131;SAGATTA DJOLOF;727;875;1603;-
15101;LOUGA;LINGUERE;THIARGNY;BARKEDJI;14;16;SAKATE GUILEL;54;49;104;-
1006;LOUGA;LINGUERE;BOULAL;SAGATTA DJOLOF;2;4;SALMEO GUELY YODI;15;18;34;-
3088;LOUGA;LINGUERE;DEALI;SAGATTA DJOLOF;68;75;SAM FALL;308;284;592;-
15102;LOUGA;LINGUERE;THIARGNY;BARKEDJI;11;21;SAM SAM KA;55;43;98;-
592;LOUGA;LINGUERE;BARKEDJI;BARKEDJI;27;32;SAMALY GAGNOULENE;152;142;294;-
593;LOUGA;LINGUERE;BARKEDJI;BARKEDJI;23;23;SAMALY IDYNABE;98;109;208;-
594;LOUGA;LINGUERE;BARKEDJI;BARKEDJI;42;46;SAMALY LATHIE;138;112;251;-
595;LOUGA;LINGUERE;BARKEDJI;BARKEDJI;16;20;SAMALY OUROURBE;86;85;171;-
15103;LOUGA;LINGUERE;THIARGNY;BARKEDJI;7;12;SAMBANA;36;42;78;-
5191;LOUGA;LINGUERE;GASSANE;BARKEDJI;13;13;SANGUE I;54;45;99;-
5192;LOUGA;LINGUERE;GASSANE;BARKEDJI;24;25;SANGUE II;72;67;139;-
5193;LOUGA;LINGUERE;GASSANE;BARKEDJI;44;47;SANGUE NDOUR;186;171;357;-
5194;LOUGA;LINGUERE;GASSANE;BARKEDJI;4;4;SANGUE OUOLOF;10;11;22;-
5195;LOUGA;LINGUERE;GASSANE;BARKEDJI;3;3;SANTHIOU SANGUE;6;9;15;-
6098;LOUGA;LINGUERE;KAMB;YANG YANG;21;50;SARE DOCKY;145;131;276;-
1007;LOUGA;LINGUERE;BOULAL;SAGATTA DJOLOF;12;18;SEBETE DINGA DIRA;47;59;107;-
15209;LOUGA;LINGUERE;THIEL;BARKEDJI;8;8;SIBOL THIEL;49;37;87;-
5196;LOUGA;LINGUERE;GASSANE;BARKEDJI;1;1;SIBOLE OUOLOF;6;5;11;-
5197;LOUGA;LINGUERE;GASSANE;BARKEDJI;3;6;SIBOLE PEULH;26;22;48;-
15210;LOUGA;LINGUERE;THIEL;BARKEDJI;12;17;SILAT OUOLOF;79;59;139;-
15211;LOUGA;LINGUERE;THIEL;BARKEDJI;4;4;SILAT PEULH;14;12;27;-
13342;LOUGA;LINGUERE;SAGATTA DJOLOF;SAGATTA DJOLOF;103;113;SINE;625;624;1249;-
14970;LOUGA;LINGUERE;THIAMENE DJOLOF;SAGATTA DJOLOF;14;16;SINE PAKOUR;41;34;75;-
6099;LOUGA;LINGUERE;KAMB;YANG YANG;7;14;SINGATE AMETH BA;39;41;81;-
6100;LOUGA;LINGUERE;KAMB;YANG YANG;15;23;SINGATE DEMBA DIOUBO (MAKHAM);75;73;149;-
4457;LOUGA;LINGUERE;DODJI;DODJI;5;8;SINTHIOU CARRIERE;27;33;61;-
12052;LOUGA;LINGUERE;OUARKHOH;DODJI;4;8;SOME DANDE (SOME PEULH);29;29;58;-
12053;LOUGA;LINGUERE;OUARKHOH;DODJI;4;6;SOME DANDE I;24;18;43;-
12054;LOUGA;LINGUERE;OUARKHOH;DODJI;24;39;SOME DANDE II;141;127;268;-
12055;LOUGA;LINGUERE;OUARKHOH;DODJI;0;0;SOME PEULH;0;0;0;Non habité
14783;LOUGA;LINGUERE;TESSEKRE FORAGE;YANG YANG;3;5;SOUMP I;9;9;18;-
14784;LOUGA;LINGUERE;TESSEKRE FORAGE;YANG YANG;18;26;SOUMP II;92;102;194;-
3089;LOUGA;LINGUERE;DEALI;SAGATTA DJOLOF;8;8;SOURANG FERRE ALLAH;31;46;77;-
3090;LOUGA;LINGUERE;DEALI;SAGATTA DJOLOF;9;9;SOURANG OUOLOF (NDAWENE);121;57;179;-
596;LOUGA;LINGUERE;BARKEDJI;BARKEDJI;12;15;SOUYE TOUBA;87;95;183;-
14971;LOUGA;LINGUERE;THIAMENE DJOLOF;SAGATTA DJOLOF;25;30;TAIBA NIANGHENE;185;162;347;-
12056;LOUGA;LINGUERE;OUARKHOH;DODJI;18;30;TALLY DIATME;108;108;216;-
12057;LOUGA;LINGUERE;OUARKHOH;DODJI;15;27;TALLY I;73;81;154;-
12058;LOUGA;LINGUERE;OUARKHOH;DODJI;0;0;TALLY II;0;0;0;Pas de population (DR 0001 )
12059;LOUGA;LINGUERE;OUARKHOH;DODJI;23;51;TALLY NGUENTH (THIECKENE);188;163;351;-
12060;LOUGA;LINGUERE;OUARKHOH;DODJI;0;0;TAMBEDOU;0;0;0;Non habité (Attention hamau de 12 concessions)
12061;LOUGA;LINGUERE;OUARKHOH;DODJI;4;13;TAMBEDOU DIERY;39;35;75;-
5198;LOUGA;LINGUERE;GASSANE;BARKEDJI;7;9;TAWFEKH;54;53;108;-
14785;LOUGA;LINGUERE;TESSEKRE FORAGE;YANG YANG;21;25;TESSEKRE BISSINABE;73;74;148;-
14786;LOUGA;LINGUERE;TESSEKRE FORAGE;YANG YANG;6;6;TESSEKRE FORAGE I;43;24;67;-
14787;LOUGA;LINGUERE;TESSEKRE FORAGE;YANG YANG;6;7;TESSEKRE FORAGE II;24;28;52;-
14788;LOUGA;LINGUERE;TESSEKRE FORAGE;YANG YANG;3;5;TESSEKRE FORAGE III;27;31;58;-
14789;LOUGA;LINGUERE;TESSEKRE FORAGE;YANG YANG;30;32;TESSEKRE OUOLOF;107;115;223;-
14790;LOUGA;LINGUERE;TESSEKRE FORAGE;YANG YANG;1;1;TESSEKRE WENDOU DIABY;5;8;13;-
15212;LOUGA;LINGUERE;THIEL;BARKEDJI;1;1;THIABOULY I;8;7;15;-
15213;LOUGA;LINGUERE;THIEL;BARKEDJI;8;9;THIABOULY II;44;41;85;-
13343;LOUGA;LINGUERE;SAGATTA DJOLOF;SAGATTA DJOLOF;12;23;THIALLA;76;68;145;-
14791;LOUGA;LINGUERE;TESSEKRE FORAGE;YANG YANG;8;8;THIAMBALEDIA;36;38;75;-
14792;LOUGA;LINGUERE;TESSEKRE FORAGE;YANG YANG;11;14;THIAMBALEDIA BAKARNABE;58;48;107;-
13344;LOUGA;LINGUERE;SAGATTA DJOLOF;SAGATTA DJOLOF;9;12;THIAMBOUGUEL NDIELE;62;58;121;-
13345;LOUGA;LINGUERE;SAGATTA DJOLOF;SAGATTA DJOLOF;5;5;THIAMENE;27;37;65;-
14972;LOUGA;LINGUERE;THIAMENE DJOLOF;SAGATTA DJOLOF;58;94;THIAMENE DJOLOF (THIAMENE PASS);347;409;756;-
597;LOUGA;LINGUERE;BARKEDJI;BARKEDJI;54;68;THIANA PEULH;166;189;355;-
13346;LOUGA;LINGUERE;SAGATTA DJOLOF;SAGATTA DJOLOF;3;5;THIANGALE KADIEL;29;25;54;-
6101;LOUGA;LINGUERE;KAMB;YANG YANG;12;31;THIANKHE;93;68;162;-
15214;LOUGA;LINGUERE;THIEL;BARKEDJI;18;21;THIARABITHIE;107;96;204;-
1956;LOUGA;LINGUERE;COM. MBEULEUKHE;COM. MBEULEUKHE;31;32;THIARENE;126;142;268;-
15104;LOUGA;LINGUERE;THIARGNY;BARKEDJI;6;18;THIARGNY AIRANCOBE;67;83;150;-
15105;LOUGA;LINGUERE;THIARGNY;BARKEDJI;24;31;THIARGNY I;97;130;228;-
15106;LOUGA;LINGUERE;THIARGNY;BARKEDJI;4;6;THIARGNY II;23;22;45;-
15107;LOUGA;LINGUERE;THIARGNY;BARKEDJI;6;10;THIARGNY III;39;52;92;-
15108;LOUGA;LINGUERE;THIARGNY;BARKEDJI;11;11;THIARGNY OWANDOU;29;37;67;-
13347;LOUGA;LINGUERE;SAGATTA DJOLOF;SAGATTA DJOLOF;29;38;THIARRE;217;245;463;-
4458;LOUGA;LINGUERE;DODJI;DODJI;14;21;THIASKY;82;97;179;-
4459;LOUGA;LINGUERE;DODJI;DODJI;21;28;THIAT NGOL PALOL;79;79;159;-
6102;LOUGA;LINGUERE;KAMB;YANG YANG;60;86;THICOGNE;306;318;625;-
12062;LOUGA;LINGUERE;OUARKHOH;DODJI;38;87;THIEBE I;378;326;705;-
15109;LOUGA;LINGUERE;THIARGNY;BARKEDJI;16;27;THIEBE LINDE;87;109;196;-
15215;LOUGA;LINGUERE;THIEL;BARKEDJI;11;11;THIEL MAURE;35;36;72;-
15216;LOUGA;LINGUERE;THIEL;BARKEDJI;61;69;THIEL OUOLOF I;286;262;548;-
15217;LOUGA;LINGUERE;THIEL;BARKEDJI;63;69;THIEL OUOLOF II;382;371;753;-
15218;LOUGA;LINGUERE;THIEL;BARKEDJI;23;28;THIEL PEULH;107;124;231;-
15219;LOUGA;LINGUERE;THIEL;BARKEDJI;4;6;THIEL SERERE;33;38;72;-
15220;LOUGA;LINGUERE;THIEL;BARKEDJI;30;30;THIEL TOUCOULEUR;135;149;285;-
16321;LOUGA;LINGUERE;YANG YANG;YANG YANG;8;8;THIELAL GOBEDIELY;46;63;109;-
16321;LOUGA;LINGUERE;YANG YANG;YANG YANG;8;8;THIELAL GOBEDIELY;46;63;109;-
4460;LOUGA;LINGUERE;DODJI;DODJI;6;12;THIELE I;28;21;49;-
4460;LOUGA;LINGUERE;DODJI;DODJI;6;12;THIELE I;28;21;49;-
4461;LOUGA;LINGUERE;DODJI;DODJI;2;8;THIELE II;13;18;32;-
4461;LOUGA;LINGUERE;DODJI;DODJI;2;8;THIELE II;13;18;32;-
8874;LOUGA;LINGUERE;MBOULA;YANG YANG;4;14;THIELELE LAOBE;53;33;87;-
8874;LOUGA;LINGUERE;MBOULA;YANG YANG;4;14;THIELELE LAOBE;53;33;87;-
1861;LOUGA;LINGUERE;COM. LINGUERE;COM. LINGUERE;446;526;THIELLY;2379;2405;4784;-
1861;LOUGA;LINGUERE;COM. LINGUERE;COM. LINGUERE;446;526;THIELLY;2379;2405;4784;-
4462;LOUGA;LINGUERE;DODJI;DODJI;7;20;THIENEL DIASSANE;52;57;110;-
1477;LOUGA;LINGUERE;COM. DAHRA;COM. DAHRA;459;534;THIENGUE;2274;2464;4738;-
7590;LOUGA;LINGUERE;LABGAR;DODJI;53;85;THIETIERLE NDAWEDJI;293;331;625;-
16322;LOUGA;LINGUERE;YANG YANG;YANG YANG;0;0;THIEWELE DIAOBE;0;0;0;Non habité
16323;LOUGA;LINGUERE;YANG YANG;YANG YANG;10;18;THIEWELE OUROUR;74;76;151;-
1008;LOUGA;LINGUERE;BOULAL;SAGATTA DJOLOF;13;22;THIEYENE I;59;51;111;-
1009;LOUGA;LINGUERE;BOULAL;SAGATTA DJOLOF;17;23;THIEYENE II;79;83;163;-
1010;LOUGA;LINGUERE;BOULAL;SAGATTA DJOLOF;54;65;THIEYENE MOURIDE (DAROU KHOUDOSS);275;270;545;-
3091;LOUGA;LINGUERE;DEALI;SAGATTA DJOLOF;14;15;THIGNOL;86;78;165;-
7591;LOUGA;LINGUERE;LABGAR;DODJI;4;21;THILELE;55;67;123;-
14793;LOUGA;LINGUERE;TESSEKRE FORAGE;YANG YANG;4;12;THILELE BAKARNABE;35;39;75;-
15221;LOUGA;LINGUERE;THIEL;BARKEDJI;8;11;THILLA (TOUBA THILLA);52;43;95;-
14973;LOUGA;LINGUERE;THIAMENE DJOLOF;SAGATTA DJOLOF;5;7;THINGOLY;29;29;58;-
15222;LOUGA;LINGUERE;THIEL;BARKEDJI;4;7;THIOBE;36;23;59;-
15110;LOUGA;LINGUERE;THIARGNY;BARKEDJI;0;0;THIODORDE;0;0;0;Pas de population (DR 0008 attention village avec 14 concessions)
15111;LOUGA;LINGUERE;THIARGNY;BARKEDJI;16;28;THIOMBE GOUYE GUENE;81;93;174;-
12063;LOUGA;LINGUERE;OUARKHOH;DODJI;13;27;THIOMBE I;84;77;162;-
12064;LOUGA;LINGUERE;OUARKHOH;DODJI;5;11;THIOMBE SAMB;45;33;78;-
14794;LOUGA;LINGUERE;TESSEKRE FORAGE;YANG YANG;2;4;THIOVE PAMPINABE;10;11;22;-
14795;LOUGA;LINGUERE;TESSEKRE FORAGE;YANG YANG;7;17;THIOVE THIDAR I;47;52;99;-
14796;LOUGA;LINGUERE;TESSEKRE FORAGE;YANG YANG;12;33;THIOVE THIDAR II;95;87;183;-
14797;LOUGA;LINGUERE;TESSEKRE FORAGE;YANG YANG;1;4;THIOVE THIDAR III;32;22;54;-
13348;LOUGA;LINGUERE;SAGATTA DJOLOF;SAGATTA DJOLOF;12;23;THIOYENE;96;87;184;-
25;LOUGA;LINGUERE;AFFE DJOLOFF;SAGATTA DJOLOF;7;24;THIR NGUEL SIWOL;62;69;131;-
26;LOUGA;LINGUERE;AFFE DJOLOFF;SAGATTA DJOLOF;8;11;THIR NGUEL SOPHY;36;27;64;-
14974;LOUGA;LINGUERE;THIAMENE DJOLOF;SAGATTA DJOLOF;18;21;THYLLA DAHRA;115;168;284;-
12065;LOUGA;LINGUERE;OUARKHOH;DODJI;66;113;THYLLA OUARKHOKH;492;552;1045;-
27;LOUGA;LINGUERE;AFFE DJOLOFF;SAGATTA DJOLOF;10;17;THYNDY BERNDE;65;74;139;-
28;LOUGA;LINGUERE;AFFE DJOLOFF;SAGATTA DJOLOF;5;15;THYNDY SAMBEY;44;65;109;-
4463;LOUGA;LINGUERE;DODJI;DODJI;4;6;TIDIANE;10;23;33;-
3092;LOUGA;LINGUERE;DEALI;SAGATTA DJOLOF;8;8;TIRTIROKY (POLOGNE);70;69;139;-
16324;LOUGA;LINGUERE;YANG YANG;YANG YANG;5;5;TONGO;27;32;59;-
598;LOUGA;LINGUERE;BARKEDJI;BARKEDJI;14;25;TORDIOL I;69;61;130;-
599;LOUGA;LINGUERE;BARKEDJI;BARKEDJI;23;47;TORDIOL II;137;138;276;-
15112;LOUGA;LINGUERE;THIARGNY;BARKEDJI;14;22;TOUBA BELEL LINDE;153;155;309;-
3093;LOUGA;LINGUERE;DEALI;SAGATTA DJOLOF;88;93;TOUBA BOGO;500;351;852;-
3094;LOUGA;LINGUERE;DEALI;SAGATTA DJOLOF;25;29;TOUBA BOUSTANE;197;142;340;-
15223;LOUGA;LINGUERE;THIEL;BARKEDJI;10;12;TOUBA DAROU MINAME (THILLA SERIGNE FALLOU);51;37;89;-
600;LOUGA;LINGUERE;BARKEDJI;BARKEDJI;1;2;TOUBA FALL;17;8;25;-
5199;LOUGA;LINGUERE;GASSANE;BARKEDJI;42;45;TOUBA GASSANE;307;313;621;-
5200;LOUGA;LINGUERE;GASSANE;BARKEDJI;6;8;TOUBA GASSANE III;42;24;66;-
5201;LOUGA;LINGUERE;GASSANE;BARKEDJI;15;17;TOUBA KANE (KHAIRA GASSANE);102;55;158;-
601;LOUGA;LINGUERE;BARKEDJI;BARKEDJI;4;4;TOUBA KATMA;28;17;46;-
5202;LOUGA;LINGUERE;GASSANE;BARKEDJI;2;2;TOUBA KHAIRA;13;9;23;-
602;LOUGA;LINGUERE;BARKEDJI;BARKEDJI;64;79;TOUBA LINGUERE;354;278;633;-
603;LOUGA;LINGUERE;BARKEDJI;BARKEDJI;23;27;TOUBA NDAR FALL;122;81;203;-
15224;LOUGA;LINGUERE;THIEL;BARKEDJI;21;25;TOUBA ODIOLDE;132;125;257;-
1011;LOUGA;LINGUERE;BOULAL;SAGATTA DJOLOF;48;63;TOUBA PAKHA ( CAMBOUMAR);173;162;335;-
15225;LOUGA;LINGUERE;THIEL;BARKEDJI;9;12;TOUBA PATACOUR;77;88;166;-
3095;LOUGA;LINGUERE;DEALI;SAGATTA DJOLOF;68;85;TOUBA SAM;423;294;717;-
604;LOUGA;LINGUERE;BARKEDJI;BARKEDJI;47;48;TOUBA SAMALY;142;105;247;-
5203;LOUGA;LINGUERE;GASSANE;BARKEDJI;14;18;TOUBA SANGUE;93;85;178;-
3096;LOUGA;LINGUERE;DEALI;SAGATTA DJOLOF;22;22;TOUBA SOURANG;117;105;222;-
15226;LOUGA;LINGUERE;THIEL;BARKEDJI;7;14;TOUBA THIEL II;76;66;143;-
5204;LOUGA;LINGUERE;GASSANE;BARKEDJI;44;64;TOUBA TOURE SIBOLE;319;257;577;-
3097;LOUGA;LINGUERE;DEALI;SAGATTA DJOLOF;13;22;TOUBA WADENE;64;82;146;-
605;LOUGA;LINGUERE;BARKEDJI;BARKEDJI;11;14;TOUNG II;83;71;154;-
606;LOUGA;LINGUERE;BARKEDJI;BARKEDJI;10;11;TOUNG KHODJIE;59;44;104;-
607;LOUGA;LINGUERE;BARKEDJI;BARKEDJI;28;61;TOUNG PEULH;201;178;379;-
608;LOUGA;LINGUERE;BARKEDJI;BARKEDJI;9;11;TOUNG POKOM;56;49;106;-
15113;LOUGA;LINGUERE;THIARGNY;BARKEDJI;15;20;VIS VIS I;72;77;150;-
15114;LOUGA;LINGUERE;THIARGNY;BARKEDJI;6;17;VIS VIS II;52;53;106;-
15227;LOUGA;LINGUERE;THIEL;BARKEDJI;18;18;WADANE DJOLOF;145;105;250;-
14798;LOUGA;LINGUERE;TESSEKRE FORAGE;YANG YANG;1;2;WALAKOSS FORAGE;10;8;18;-
14799;LOUGA;LINGUERE;TESSEKRE FORAGE;YANG YANG;4;13;WALANDE;38;32;71;-
3098;LOUGA;LINGUERE;DEALI;SAGATTA DJOLOF;0;0;WANDE PEULH;0;0;0;Non habité
3099;LOUGA;LINGUERE;DEALI;SAGATTA DJOLOF;26;40;WANDE SERERE;151;173;325;-
14800;LOUGA;LINGUERE;TESSEKRE FORAGE;YANG YANG;10;13;WEDOU THINGOLY BISNABE;55;68;124;-
14801;LOUGA;LINGUERE;TESSEKRE FORAGE;YANG YANG;57;61;WEDOU THINGOLY FORAGE;146;121;267;-
14802;LOUGA;LINGUERE;TESSEKRE FORAGE;YANG YANG;4;4;WEDOU THINGOLY I;10;13;24;-
14803;LOUGA;LINGUERE;TESSEKRE FORAGE;YANG YANG;26;26;WEDOU THINGOLY II;93;89;183;-
14804;LOUGA;LINGUERE;TESSEKRE FORAGE;YANG YANG;10;13;WEDOU THINGOLY III;32;29;62;-
14805;LOUGA;LINGUERE;TESSEKRE FORAGE;YANG YANG;11;11;WEDOU THINGOLY MAURE;68;42;110;-
4464;LOUGA;LINGUERE;DODJI;DODJI;4;4;WENDOU BEYE DEMBA;13;11;25;-
4465;LOUGA;LINGUERE;DODJI;DODJI;6;8;WENDOU BEYE GUELONGAL;24;23;47;-
4466;LOUGA;LINGUERE;DODJI;DODJI;22;45;WENDOU BEYE I;112;90;202;-
4467;LOUGA;LINGUERE;DODJI;DODJI;15;30;WENDOU BEYE II;81;63;144;-
4468;LOUGA;LINGUERE;DODJI;DODJI;38;65;WENDOU BEYE OURO GAO;210;190;401;-
4469;LOUGA;LINGUERE;DODJI;DODJI;4;5;WENDOU BEYE WOURO MBANG;12;14;27;-
14806;LOUGA;LINGUERE;TESSEKRE FORAGE;YANG YANG;8;8;WENDOU BOCKY;43;56;99;-
15228;LOUGA;LINGUERE;THIEL;BARKEDJI;2;3;WENDOU BOUBOU;9;7;16;-
15115;LOUGA;LINGUERE;THIARGNY;BARKEDJI;2;6;WENDOU DELLA;14;10;25;-
14807;LOUGA;LINGUERE;TESSEKRE FORAGE;YANG YANG;16;21;WENDOU DIABY;52;45;97;-
4470;LOUGA;LINGUERE;DODJI;DODJI;6;10;WENDOU DIABY (BELEL DIABY);31;17;49;-
14808;LOUGA;LINGUERE;TESSEKRE FORAGE;YANG YANG;6;7;WENDOU DOCKY;35;30;66;-
14975;LOUGA;LINGUERE;THIAMENE DJOLOF;SAGATTA DJOLOF;6;10;WENDOU FARBA;27;27;54;-
6103;LOUGA;LINGUERE;KAMB;YANG YANG;3;5;WENDOU KODIALAL;14;10;25;-
3100;LOUGA;LINGUERE;DEALI;SAGATTA DJOLOF;0;0;WENDOU LOUMBEL;0;0;0;Non habité (Attention hamau de 16 concessions)
1012;LOUGA;LINGUERE;BOULAL;SAGATTA DJOLOF;8;12;WENDOU MAOUNDOU;41;31;72;-
15116;LOUGA;LINGUERE;THIARGNY;BARKEDJI;2;3;WENDOU MBABA;12;13;26;-
14809;LOUGA;LINGUERE;TESSEKRE FORAGE;YANG YANG;9;9;WENDOU MBARODJI;41;37;78;-
3101;LOUGA;LINGUERE;DEALI;SAGATTA DJOLOF;17;20;WENDOU MBELL;83;61;144;-
1013;LOUGA;LINGUERE;BOULAL;SAGATTA DJOLOF;12;15;WENDOU MOURTEKY I;50;41;91;-
1014;LOUGA;LINGUERE;BOULAL;SAGATTA DJOLOF;13;16;WENDOU MOURTEKY II;50;37;88;-
1015;LOUGA;LINGUERE;BOULAL;SAGATTA DJOLOF;20;27;WENDOU NAMARY I;79;84;164;-
1016;LOUGA;LINGUERE;BOULAL;SAGATTA DJOLOF;13;23;WENDOU NAMARY II;53;76;130;-
14810;LOUGA;LINGUERE;TESSEKRE FORAGE;YANG YANG;2;6;WENDOU NAMARY III;14;19;34;-
14811;LOUGA;LINGUERE;TESSEKRE FORAGE;YANG YANG;38;64;WENDOU PAMPINABE;186;185;371;-
29;LOUGA;LINGUERE;AFFE DJOLOFF;SAGATTA DJOLOF;31;47;WENDOU PANAL;172;158;331;-
4471;LOUGA;LINGUERE;DODJI;DODJI;15;23;WENDOU SENO;67;64;131;-
15117;LOUGA;LINGUERE;THIARGNY;BARKEDJI;31;54;WENDOU SENO I;200;176;377;-
15118;LOUGA;LINGUERE;THIARGNY;BARKEDJI;6;15;WENDOU SENO II;53;52;106;-
15119;LOUGA;LINGUERE;THIARGNY;BARKEDJI;8;23;WENDOU SENO III;34;31;66;-
15120;LOUGA;LINGUERE;THIARGNY;BARKEDJI;7;7;WENDOU SENO IV;7;3;10;-
14812;LOUGA;LINGUERE;TESSEKRE FORAGE;YANG YANG;4;12;WENDOU THIOMBY I;48;55;104;-
14813;LOUGA;LINGUERE;TESSEKRE FORAGE;YANG YANG;9;13;WENDOU THIOMBY II;47;48;95;-
1017;LOUGA;LINGUERE;BOULAL;SAGATTA DJOLOF;10;11;WENDOU WENDE MBAPP;36;39;76;-
14976;LOUGA;LINGUERE;THIAMENE DJOLOF;SAGATTA DJOLOF;56;75;WEREANE;292;258;551;-
15229;LOUGA;LINGUERE;THIEL;BARKEDJI;5;7;WOURO DJOLOF;29;31;61;-
15230;LOUGA;LINGUERE;THIEL;BARKEDJI;9;15;WOURO NDIOBO;122;108;230;-
8875;LOUGA;LINGUERE;MBOULA;YANG YANG;27;52;WOURO SENO;179;162;342;-
16325;LOUGA;LINGUERE;YANG YANG;YANG YANG;28;47;YANG YANG;237;225;463;-
609;LOUGA;LINGUERE;BARKEDJI;BARKEDJI;24;37;YARALOPE;97;113;211;-
1018;LOUGA;LINGUERE;BOULAL;SAGATTA DJOLOF;43;67;YATTI I;264;255;519;-
1019;LOUGA;LINGUERE;BOULAL;SAGATTA DJOLOF;22;37;YATTI II (BAWAME);119;132;252;-
16326;LOUGA;LINGUERE;YANG YANG;YANG YANG;3;3;YENGUE THIENGUE;4;4;8;-
12066;LOUGA;LINGUERE;OUARKHOH;DODJI;5;8;YITTY I;31;29;61;-
12067;LOUGA;LINGUERE;OUARKHOH;DODJI;23;30;YITTY II;109;103;212;-
610;LOUGA;LINGUERE;BARKEDJI;BARKEDJI;7;7;YOLY;21;15;36;-
15121;LOUGA;LINGUERE;THIARGNY;BARKEDJI;11;26;YOUGOURE;86;74;161;-
16100;MATAM;RANEROU;VELINGARA;VELINGARA;30;53;ADIA;253;234;488;-
7895;MATAM;RANEROU;LOUGRE-THIOLY;VELINGARA;28;38;BADAGOR;99;85;185;-
7896;MATAM;RANEROU;LOUGRE-THIOLY;VELINGARA;25;27;BADAGOR II (MBOYLOCK);83;76;160;-
12131;MATAM;RANEROU;OUDALAYE;VELINGARA;23;45;BELEL;175;173;349;-
16101;MATAM;RANEROU;VELINGARA;VELINGARA;7;12;BELEL TOUFLE;42;36;78;-
12132;MATAM;RANEROU;OUDALAYE;VELINGARA;5;7;BINGUEL;43;37;81;-
16102;MATAM;RANEROU;VELINGARA;VELINGARA;12;16;BODEDJI;51;53;105;-
12133;MATAM;RANEROU;OUDALAYE;VELINGARA;3;4;BOGHAL;18;30;49;-
16103;MATAM;RANEROU;VELINGARA;VELINGARA;2;2;BOGNANAL LATHIE I;8;4;12;-
16104;MATAM;RANEROU;VELINGARA;VELINGARA;13;17;BOGNANAL LATHIE II;65;57;123;-
16105;MATAM;RANEROU;VELINGARA;VELINGARA;15;38;BOKI MBONO DIAO (SINTHIOU DIAOBE);132;102;234;-
16106;MATAM;RANEROU;VELINGARA;VELINGARA;9;10;BOKI MBONO DJENGUEL;36;31;68;-
16107;MATAM;RANEROU;VELINGARA;VELINGARA;16;32;BOKI NDAR;138;142;281;-
12134;MATAM;RANEROU;OUDALAYE;VELINGARA;13;24;BOULA TALLY;96;75;172;-
16108;MATAM;RANEROU;VELINGARA;VELINGARA;23;46;BOULOGNE BALI;188;143;331;-
16109;MATAM;RANEROU;VELINGARA;VELINGARA;14;35;BOULOGNE THIEKEY;121;118;239;-
12135;MATAM;RANEROU;OUDALAYE;VELINGARA;24;50;BOULONE SENO;208;168;376;-
16110;MATAM;RANEROU;VELINGARA;VELINGARA;19;30;BOULY BOGUEL;134;113;248;-
16111;MATAM;RANEROU;VELINGARA;VELINGARA;14;46;BOUNDOU MBABA BARKEDJI;113;141;254;-
16111;MATAM;RANEROU;VELINGARA;VELINGARA;14;46;BOUNDOU MBABA BARKEDJI;113;141;254;-
16112;MATAM;RANEROU;VELINGARA;VELINGARA;4;22;BOUNDOU MBABA MBOURLOGME;56;68;124;-
16113;MATAM;RANEROU;VELINGARA;VELINGARA;17;54;BOUNDOU MBABA SANTHIE;143;151;294;-
12136;MATAM;RANEROU;OUDALAYE;VELINGARA;12;34;BOUTOUDJI;122;123;245;-
12137;MATAM;RANEROU;OUDALAYE;VELINGARA;10;13;CIVIABE OCCIDENTAL;44;54;98;-
12138;MATAM;RANEROU;OUDALAYE;VELINGARA;52;92;CIVIABE ORIENTAL (SALALATOU);462;459;922;-
16114;MATAM;RANEROU;VELINGARA;VELINGARA;4;4;DANTHIALY;18;13;32;-
12139;MATAM;RANEROU;OUDALAYE;VELINGARA;16;26;DARA SALAM;99;78;178;-
12140;MATAM;RANEROU;OUDALAYE;VELINGARA;31;38;DAROU NEMA;139;139;279;-
16115;MATAM;RANEROU;VELINGARA;VELINGARA;6;13;DAROU RAHMANE BOUNDOU MBABA;27;31;58;-
16116;MATAM;RANEROU;VELINGARA;VELINGARA;4;6;DAYANE DIABY;28;27;55;-
16117;MATAM;RANEROU;VELINGARA;VELINGARA;22;37;DAYANE GASSEL;161;137;298;-
16118;MATAM;RANEROU;VELINGARA;VELINGARA;23;47;DAYANE GUELODE;167;157;325;-
16119;MATAM;RANEROU;VELINGARA;VELINGARA;18;43;DAYANE KADIOLY;165;177;343;-
16120;MATAM;RANEROU;VELINGARA;VELINGARA;15;31;DAYANE MBOURDI;113;121;234;-
16121;MATAM;RANEROU;VELINGARA;VELINGARA;10;21;DAYANE SELLE;89;105;194;-
7897;MATAM;RANEROU;LOUGRE-THIOLY;VELINGARA;10;10;DAYOUTE;38;35;74;-
16122;MATAM;RANEROU;VELINGARA;VELINGARA;12;15;DEMEREDJI;65;57;123;-
16123;MATAM;RANEROU;VELINGARA;VELINGARA;10;15;DIAM WELI;46;37;84;-
12141;MATAM;RANEROU;OUDALAYE;VELINGARA;26;33;DOUBY DORO;122;118;241;-
12142;MATAM;RANEROU;OUDALAYE;VELINGARA;22;55;DOUNOUBEL;222;214;436;-
12143;MATAM;RANEROU;OUDALAYE;VELINGARA;12;14;FASS FERLO;50;54;105;-
16124;MATAM;RANEROU;VELINGARA;VELINGARA;17;20;FASS VELINGARA;105;72;177;-
12144;MATAM;RANEROU;OUDALAYE;VELINGARA;59;77;FOURDOU MBAILA;279;251;530;-
7898;MATAM;RANEROU;LOUGRE-THIOLY;VELINGARA;13;14;GALLET I;38;35;74;-
7899;MATAM;RANEROU;LOUGRE-THIOLY;VELINGARA;10;10;GALLET II;24;34;58;-
16125;MATAM;RANEROU;VELINGARA;VELINGARA;10;16;GAMBOL;62;75;137;-
12145;MATAM;RANEROU;OUDALAYE;VELINGARA;13;29;GASSE DARO;110;110;221;-
12146;MATAM;RANEROU;OUDALAYE;VELINGARA;28;46;GASSE DIABE;141;157;298;-
12147;MATAM;RANEROU;OUDALAYE;VELINGARA;15;22;GASSE SAFALBES;63;53;116;-
12148;MATAM;RANEROU;OUDALAYE;VELINGARA;17;17;GASSEL;75;75;151;-
12149;MATAM;RANEROU;OUDALAYE;VELINGARA;7;12;GASSOBEL AMADOU YARAL;45;35;81;-
12150;MATAM;RANEROU;OUDALAYE;VELINGARA;13;15;GASSOBEL SAMBA LELDO;64;68;132;-
12151;MATAM;RANEROU;OUDALAYE;VELINGARA;8;20;GOUREL FADOUBES;64;65;129;-
16126;MATAM;RANEROU;VELINGARA;VELINGARA;10;10;GUELEMOUNE;48;46;94;-
7900;MATAM;RANEROU;LOUGRE-THIOLY;VELINGARA;37;38;GUIRDE LATHIE;91;81;172;-
12152;MATAM;RANEROU;OUDALAYE;VELINGARA;18;23;HODIOLDOU;104;86;190;-
12153;MATAM;RANEROU;OUDALAYE;VELINGARA;111;246;HOUDALAYE;835;907;1743;-
12154;MATAM;RANEROU;OUDALAYE;VELINGARA;18;26;KACK;92;96;189;-
16127;MATAM;RANEROU;VELINGARA;VELINGARA;5;8;KAWEL;32;29;62;-
16128;MATAM;RANEROU;VELINGARA;VELINGARA;2;2;KHOL KHOL I;7;5;12;-
16129;MATAM;RANEROU;VELINGARA;VELINGARA;10;10;KHOL KHOL II;49;35;85;-
12155;MATAM;RANEROU;OUDALAYE;VELINGARA;12;21;KORE KABY;82;92;174;-
7901;MATAM;RANEROU;LOUGRE-THIOLY;VELINGARA;5;11;KOSSAS DIAOBES;29;22;51;-
7902;MATAM;RANEROU;LOUGRE-THIOLY;VELINGARA;3;4;KOSSAS MBAYNABES;11;7;18;-
7903;MATAM;RANEROU;LOUGRE-THIOLY;VELINGARA;10;10;KOSSAS NAMARY;51;58;110;-
12156;MATAM;RANEROU;OUDALAYE;VELINGARA;25;56;KOUROU KARANE;211;200;411;-
16130;MATAM;RANEROU;VELINGARA;VELINGARA;11;20;KOUSSOUS;54;45;99;-
12157;MATAM;RANEROU;OUDALAYE;VELINGARA;16;26;LOUGUE THIECOUDJI;88;104;192;-
7904;MATAM;RANEROU;LOUGRE-THIOLY;VELINGARA;10;10;LOUGUERE THIOLY DIALLOUBE I;31;27;58;-
7905;MATAM;RANEROU;LOUGRE-THIOLY;VELINGARA;16;17;LOUGUERE THIOLY DIALLOUBE II;39;31;71;-
7906;MATAM;RANEROU;LOUGRE-THIOLY;VELINGARA;4;4;LOUGUERE THIOLY FAFABES;11;7;18;-
7907;MATAM;RANEROU;LOUGRE-THIOLY;VELINGARA;50;57;LOUGUERE THIOLY FAFABES I;192;177;370;-
7908;MATAM;RANEROU;LOUGRE-THIOLY;VELINGARA;7;7;LOUGUERE THIOLY FAFABES III;32;26;58;-
7909;MATAM;RANEROU;LOUGRE-THIOLY;VELINGARA;3;3;LOUGUERE THIOLY FAFABES IV;12;7;19;-
7910;MATAM;RANEROU;LOUGRE-THIOLY;VELINGARA;12;13;LOUGUERE THIOLY MAURE I;34;36;71;-
7911;MATAM;RANEROU;LOUGRE-THIOLY;VELINGARA;2;3;LOUGUERE THIOLY MAURE II;9;4;13;-
7912;MATAM;RANEROU;LOUGRE-THIOLY;VELINGARA;4;7;LOUMBINOL AYRANCOBES;17;28;46;-
7913;MATAM;RANEROU;LOUGRE-THIOLY;VELINGARA;5;8;LOUMBINOL DIAOBES;26;22;48;-
16131;MATAM;RANEROU;VELINGARA;VELINGARA;27;31;LOUMBOL DAHRA;94;65;159;-
12158;MATAM;RANEROU;OUDALAYE;VELINGARA;42;63;LOUMBOL SAMBA ABDOUL;286;282;568;-
12159;MATAM;RANEROU;OUDALAYE;VELINGARA;17;28;LOUMBY NIALBY;102;76;178;-
12160;MATAM;RANEROU;OUDALAYE;VELINGARA;1;6;MADINA FERLO;17;24;42;-
16132;MATAM;RANEROU;VELINGARA;VELINGARA;10;10;MBAKEDJI ALPHA;55;53;109;-
16133;MATAM;RANEROU;VELINGARA;VELINGARA;27;36;MBAKEDJI SAMBA NIAKI;139;144;284;-
12161;MATAM;RANEROU;OUDALAYE;VELINGARA;17;25;MBAME;106;104;210;-
7914;MATAM;RANEROU;LOUGRE-THIOLY;VELINGARA;9;9;MBELOGNE;16;21;37;-
16134;MATAM;RANEROU;VELINGARA;VELINGARA;10;11;MBELONE;39;30;70;-
16135;MATAM;RANEROU;VELINGARA;VELINGARA;27;36;MBEM MBEM;109;89;198;-
16136;MATAM;RANEROU;VELINGARA;VELINGARA;7;7;MBONAYE FERLO;31;25;56;-
16137;MATAM;RANEROU;VELINGARA;VELINGARA;12;14;MBONAYE II;70;63;133;-
12162;MATAM;RANEROU;OUDALAYE;VELINGARA;27;40;MBOUL BOKI;162;150;312;-
12163;MATAM;RANEROU;OUDALAYE;VELINGARA;18;34;MBOUL GAWDI;129;134;264;-
16138;MATAM;RANEROU;VELINGARA;VELINGARA;14;30;MEDINA BABABE;51;54;106;-
16139;MATAM;RANEROU;VELINGARA;VELINGARA;18;27;MEDINA MBEM MBEM;121;111;232;-
16140;MATAM;RANEROU;VELINGARA;VELINGARA;10;11;MEDINA NDIAYE;65;61;126;-
12164;MATAM;RANEROU;OUDALAYE;VELINGARA;16;24;MODY KELLOL;71;77;149;-
12165;MATAM;RANEROU;OUDALAYE;VELINGARA;27;56;NAKARA GENTOU BOKI;157;183;341;-
12166;MATAM;RANEROU;OUDALAYE;VELINGARA;12;28;NAOURE I (MOUNKI);84;81;165;-
12167;MATAM;RANEROU;OUDALAYE;VELINGARA;21;33;NAWRE CENTRAL;97;95;193;-
12168;MATAM;RANEROU;OUDALAYE;VELINGARA;10;17;NDAYARA;57;58;116;-
16141;MATAM;RANEROU;VELINGARA;VELINGARA;49;92;NDIANOYE (KODIELE);349;273;623;-
7915;MATAM;RANEROU;LOUGRE-THIOLY;VELINGARA;30;30;NDIAYENE FAFABES (NDIAYENE SENO);121;102;223;-
7916;MATAM;RANEROU;LOUGRE-THIOLY;VELINGARA;6;6;NDIAYENE LATHIE (NDIAYENE OUOLOF);15;18;34;-
16142;MATAM;RANEROU;VELINGARA;VELINGARA;2;4;NDIOGO GOUYE;21;12;33;-
16143;MATAM;RANEROU;VELINGARA;VELINGARA;4;10;NDIOGO NDIEGEL;55;34;90;-
12169;MATAM;RANEROU;OUDALAYE;VELINGARA;28;50;NDOULACKY;149;141;290;-
16144;MATAM;RANEROU;VELINGARA;VELINGARA;16;24;NELBA;91;116;208;-
2111;MATAM;RANEROU;COM. RANEROU;COM. RANEROU;115;168;NELBY;555;521;1076;-
12170;MATAM;RANEROU;OUDALAYE;VELINGARA;23;35;NGALA NDAO;152;136;289;-
16145;MATAM;RANEROU;VELINGARA;VELINGARA;1;1;NGONOR;5;4;9;-
16146;MATAM;RANEROU;VELINGARA;VELINGARA;6;8;NIAROUWEL;34;27;62;-
12171;MATAM;RANEROU;OUDALAYE;VELINGARA;6;18;OURO ALY;66;74;141;-
12172;MATAM;RANEROU;OUDALAYE;VELINGARA;20;23;OURO BOULI;93;78;172;-
12173;MATAM;RANEROU;OUDALAYE;VELINGARA;26;31;PATOUKI OCCIDENTALE (PATOUKI);109;104;213;-
2112;MATAM;RANEROU;COM. RANEROU;COM. RANEROU;193;286;RANEROU;1062;887;1949;-
16147;MATAM;RANEROU;VELINGARA;VELINGARA;23;38;REWANE;150;125;275;-
16148;MATAM;RANEROU;VELINGARA;VELINGARA;25;52;SAB SABRE (LOUMBY PATHE DJIBEL);203;192;395;-
16149;MATAM;RANEROU;VELINGARA;VELINGARA;10;21;SAB SABRE DIAM DIAM;83;64;147;-
7917;MATAM;RANEROU;LOUGRE-THIOLY;VELINGARA;4;8;SADOCK I;19;11;31;-
7918;MATAM;RANEROU;LOUGRE-THIOLY;VELINGARA;3;3;SADOCK II;6;2;8;-
7919;MATAM;RANEROU;LOUGRE-THIOLY;VELINGARA;4;4;SADOCK III;9;8;17;-
16150;MATAM;RANEROU;VELINGARA;VELINGARA;6;10;SALDAW;39;48;88;-
12174;MATAM;RANEROU;OUDALAYE;VELINGARA;35;79;SAMBA DOGUEL;266;264;530;-
7920;MATAM;RANEROU;LOUGRE-THIOLY;VELINGARA;9;11;SAMBA RACKY I;44;39;84;-
16151;MATAM;RANEROU;VELINGARA;VELINGARA;9;27;SESSOUM;119;102;222;-
16152;MATAM;RANEROU;VELINGARA;VELINGARA;1;13;SESSOUM DOUBEL;68;61;129;-
16153;MATAM;RANEROU;VELINGARA;VELINGARA;3;4;SEWELDE I;27;14;42;-
16154;MATAM;RANEROU;VELINGARA;VELINGARA;5;7;SEWELDE II;42;41;83;-
16155;MATAM;RANEROU;VELINGARA;VELINGARA;13;18;SINTHIANG BELEL TOUFLE;72;74;147;-
12175;MATAM;RANEROU;OUDALAYE;VELINGARA;13;23;SINTHIOU NAOURE;70;84;154;-
12176;MATAM;RANEROU;OUDALAYE;VELINGARA;14;20;SODORE;65;69;134;-
12177;MATAM;RANEROU;OUDALAYE;VELINGARA;17;25;SORINGHO;94;115;210;-
16156;MATAM;RANEROU;VELINGARA;VELINGARA;2;2;SORRO;12;6;18;-
16157;MATAM;RANEROU;VELINGARA;VELINGARA;9;9;SOUSSET;41;36;77;-
12178;MATAM;RANEROU;OUDALAYE;VELINGARA;12;28;TEKINGUEL;88;101;189;-
16158;MATAM;RANEROU;VELINGARA;VELINGARA;21;22;THIAFALY;78;97;176;-
16159;MATAM;RANEROU;VELINGARA;VELINGARA;13;20;THIASKY BISNABES;78;91;170;-
16160;MATAM;RANEROU;VELINGARA;VELINGARA;11;24;THIASKY DIONABES;86;85;171;-
16161;MATAM;RANEROU;VELINGARA;VELINGARA;3;4;THIAYANGUEL;31;25;56;-
16162;MATAM;RANEROU;VELINGARA;VELINGARA;23;32;THIONOKH DIABE;134;118;253;-
16163;MATAM;RANEROU;VELINGARA;VELINGARA;104;184;THIONOKH SANGHE;765;730;1495;-
7921;MATAM;RANEROU;LOUGRE-THIOLY;VELINGARA;21;21;THIOUKOUNGUEL;69;52;122;-
12179;MATAM;RANEROU;OUDALAYE;VELINGARA;20;32;TOURE DIAOBES;105;111;216;-
16164;MATAM;RANEROU;VELINGARA;VELINGARA;6;7;VELINGARA LAOBES;26;23;49;-
16165;MATAM;RANEROU;VELINGARA;VELINGARA;56;72;VELINGARA MAURE I;319;263;582;-
16166;MATAM;RANEROU;VELINGARA;VELINGARA;19;23;VELINGARA MAURE II;100;95;195;-
16167;MATAM;RANEROU;VELINGARA;VELINGARA;11;14;VELINGARA NDIALALE;67;61;128;-
16168;MATAM;RANEROU;VELINGARA;VELINGARA;23;32;VELINGARA NDIAO;130;116;247;-
16169;MATAM;RANEROU;VELINGARA;VELINGARA;50;63;VELINGARA OUOLOF I ET II;270;211;481;-
16170;MATAM;RANEROU;VELINGARA;VELINGARA;4;7;VELINGARA OUROUBES (THIANGAL);24;18;43;-
16171;MATAM;RANEROU;VELINGARA;VELINGARA;32;32;VELINGARA THIANOR;137;154;292;-
16172;MATAM;RANEROU;VELINGARA;VELINGARA;17;28;WABINDOU;150;152;303;-
12180;MATAM;RANEROU;OUDALAYE;VELINGARA;2;3;WENDOU  GUESSA LOMBEL;14;7;22;-
16173;MATAM;RANEROU;VELINGARA;VELINGARA;0;0;WENDOU BOKI;0;0;0;Non habité
16174;MATAM;RANEROU;VELINGARA;VELINGARA;21;25;WENDOU ILO;115;88;204;-
16175;MATAM;RANEROU;VELINGARA;VELINGARA;11;14;WENDOU KOBA;68;48;116;-
16176;MATAM;RANEROU;VELINGARA;VELINGARA;2;3;WENDOU KOLE (VILANENE);13;11;25;-
16177;MATAM;RANEROU;VELINGARA;VELINGARA;24;25;WENDOU NAMARI;85;75;161;-
16178;MATAM;RANEROU;VELINGARA;VELINGARA;2;5;WENDOU THIOMBEL;25;22;47;-
16179;MATAM;RANEROU;VELINGARA;VELINGARA;15;35;WOULI DIE;112;117;230;-
16180;MATAM;RANEROU;VELINGARA;VELINGARA;6;9;WOURO BAÏDY (SORRO COUM);41;33;74;-
12181;MATAM;RANEROU;OUDALAYE;VELINGARA;11;16;WOYDOU ALI;92;95;188;-
12182;MATAM;RANEROU;OUDALAYE;VELINGARA;20;31;WOYDOU MAKHAM;111;109;221;-
12183;MATAM;RANEROU;OUDALAYE;VELINGARA;6;10;WOYNDOU AMADOU;35;37;73;-
12184;MATAM;RANEROU;OUDALAYE;VELINGARA;24;32;WOYNDOU BOUBOU;126;118;245;-
12185;MATAM;RANEROU;OUDALAYE;VELINGARA;25;46;WOYNDOU NGARY;157;156;314;-
12186;MATAM;RANEROU;OUDALAYE;VELINGARA;99;139;YOUNOUFERE;461;439;900;-
